/*
 * File:           C:\Users\ojw\Desktop\OP-ILAPU_DSP_VER10_20260406\OP-ILAPU_DSP_VER10_20260406_IC_1.h
 *
 * Created:        Tuesday, April 7, 2026 6:17:07 PM
 * Description:    OP-ILAPU_DSP_VER10_20260406:IC 1 program data.
 *
 * This software is distributed in the hope that it will be useful,
 * but is distributed on an "AS IS" BASIS, WITHOUT WARRANTIES OR
 * CONDITIONS OF ANY KIND, without even the implied warranty of
 * MERCHANTABILITY or FITNESS FOR A PARTICULAR PURPOSE.
 *
 * This software may only be used to program products purchased from
 * Analog Devices for incorporation by you into audio products that
 * are intended for resale to audio product end users. This software
 * may not be distributed whole or in any part to third parties.
 *
 * Copyright ©2026 Analog Devices, Inc. All rights reserved.
 */
#ifndef __OP_ILAPU_DSP_VER10_20260406_IC_1_H__
#define __OP_ILAPU_DSP_VER10_20260406_IC_1_H__

 //#include "SigmaStudioFW.h"
#include <linux/types.h>
#include "../adau1442.h"
#include "OP-ILAPU_DSP_VER10_20260406_IC_1_REG.h"

#define ADI_REG_TYPE    unsigned char
#define SIGMA_WRITE_REGISTER_BLOCK(pv, addr, size, data) \
    adau1442_load_firmware(pv, addr, data, size)

#define DEVICE_ARCHITECTURE_IC_1                  "ADAU144x"
#define DEVICE_ADDR_IC_1                          priv

/* DSP Ram Data */
#define NON_MODULO_RAM_SIZE_IC_1 288
#define NON_MODULO_RAM_ADDR_IC_1 24504
ADI_REG_TYPE NON_MODULO_RAM_Data_IC_1[NON_MODULO_RAM_SIZE_IC_1] = {
0x00, 0x7F, 0xF2, 0x59,
0x00, 0x00, 0x0D, 0xA7,
0x00, 0x7F, 0xF2, 0x59,
0x00, 0x00, 0x0D, 0xA7,
0x00, 0x7F, 0xF2, 0x59,
0x00, 0x00, 0x0D, 0xA7,
0x00, 0x7F, 0xF2, 0x59,
0x00, 0x00, 0x0D, 0xA7,
0x00, 0x7F, 0xF2, 0x59,
0x00, 0x00, 0x0D, 0xA7,
0x00, 0x7F, 0xF2, 0x59,
0x00, 0x00, 0x0D, 0xA7,
0x00, 0x20, 0x00, 0x00,
0x00, 0x20, 0x00, 0x00,
0x00, 0x20, 0x00, 0x00,
0x00, 0x20, 0x00, 0x00,
0x00, 0x40, 0x00, 0x00,
0x00, 0x40, 0x00, 0x00,
0x00, 0x40, 0x00, 0x00,
0x00, 0x40, 0x00, 0x00,
0x00, 0x20, 0x00, 0x00,
0x00, 0x20, 0x00, 0x00,
0x00, 0x20, 0x00, 0x00,
0x00, 0x20, 0x00, 0x00,
0x00, 0x40, 0x00, 0x00,
0x00, 0x40, 0x00, 0x00,
0x00, 0x40, 0x00, 0x00,
0x00, 0x40, 0x00, 0x00,
0x00, 0x20, 0x00, 0x00,
0x00, 0x20, 0x00, 0x00,
0x00, 0x20, 0x00, 0x00,
0x00, 0x20, 0x00, 0x00,
0x00, 0x40, 0x00, 0x00,
0x00, 0x40, 0x00, 0x00,
0x00, 0x40, 0x00, 0x00,
0x00, 0x40, 0x00, 0x00,
0x00, 0x20, 0x00, 0x00,
0x00, 0x20, 0x00, 0x00,
0x00, 0x20, 0x00, 0x00,
0x00, 0x20, 0x00, 0x00,
0x00, 0x40, 0x00, 0x00,
0x00, 0x40, 0x00, 0x00,
0x00, 0x40, 0x00, 0x00,
0x00, 0x40, 0x00, 0x00,
0x00, 0x7F, 0xF2, 0x59,
0x00, 0x00, 0x0D, 0xA7,
0x00, 0x20, 0x00, 0x00,
0x00, 0x20, 0x00, 0x00,
0x00, 0x20, 0x00, 0x00,
0x00, 0x20, 0x00, 0x00,
0x00, 0x40, 0x00, 0x00,
0x00, 0x40, 0x00, 0x00,
0x00, 0x40, 0x00, 0x00,
0x00, 0x40, 0x00, 0x00,
0x00, 0x7F, 0xF2, 0x59,
0x00, 0x00, 0x0D, 0xA7,
0x00, 0x7F, 0xF2, 0x59,
0x00, 0x00, 0x0D, 0xA7,
0x00, 0x7F, 0xF2, 0x59,
0x00, 0x00, 0x0D, 0xA7,
0x00, 0x7F, 0xF2, 0x59,
0x00, 0x00, 0x0D, 0xA7,
0x00, 0x7F, 0xF2, 0x59,
0x00, 0x00, 0x0D, 0xA7,
0x00, 0x20, 0x00, 0x00,
0x00, 0x20, 0x00, 0x00,
0x00, 0x20, 0x00, 0x00,
0x00, 0x20, 0x00, 0x00,
0x00, 0x40, 0x00, 0x00,
0x00, 0x40, 0x00, 0x00,
0x00, 0x40, 0x00, 0x00,
0x00, 0x40, 0x00, 0x00,
};

/* DSP Program Data */
#define PROGRAM_SIZE_IC_1 17694
#define PROGRAM_ADDR_IC_1 8192
ADI_REG_TYPE Program_Data_IC_1[PROGRAM_SIZE_IC_1] = {
0x00, 0x00, 0x00, 0x00, 0x00, 0x00,
0x06, 0x03, 0x80, 0x00, 0x00, 0x00,
0x06, 0x04, 0xD0, 0x00, 0x00, 0x00,
0x06, 0x04, 0xB0, 0x00, 0x00, 0x00,
0x06, 0x05, 0x50, 0x00, 0x00, 0x00,
0x06, 0x05, 0x70, 0x00, 0x00, 0x00,
0x07, 0xFF, 0xD1, 0x08, 0x20, 0x00,
0x06, 0x04, 0xE0, 0x00, 0x00, 0x00,
0x06, 0x06, 0x00, 0x00, 0x00, 0x00,
0x00, 0x00, 0x00, 0x00, 0x00, 0x00,
0x00, 0x00, 0x00, 0x00, 0x00, 0x00,
0x06, 0x03, 0xA0, 0x0C, 0x00, 0x00,
0x06, 0x00, 0xC0, 0x00, 0xE2, 0x00,
0x00, 0x00, 0x00, 0x00, 0x00, 0x00,
0x00, 0x00, 0x00, 0x00, 0x00, 0x00,
0x00, 0x00, 0x00, 0x00, 0x00, 0x00,
0x07, 0xFF, 0xA0, 0x07, 0x20, 0x08,
0x00, 0x00, 0x00, 0x06, 0xA0, 0x00,
0x07, 0xFF, 0x80, 0x00, 0xC0, 0x00,
0x06, 0x06, 0x00, 0x07, 0x00, 0x00,
0x00, 0x00, 0x00, 0x00, 0x00, 0x00,
0x06, 0x04, 0x00, 0x00, 0x00, 0x00,
0x06, 0x03, 0x00, 0x1F, 0x00, 0x27,
0x00, 0x00, 0x00, 0x00, 0x00, 0x00,
0x06, 0x03, 0xA0, 0x1B, 0x00, 0x00,
0x07, 0xFF, 0xA0, 0x01, 0x20, 0x00,
0x07, 0xFE, 0xE0, 0x01, 0x03, 0x00,
0x00, 0x00, 0x18, 0x06, 0x00, 0x00,
0x06, 0x04, 0x20, 0x00, 0x00, 0x00,
0x07, 0xFF, 0xD0, 0x00, 0x20, 0x00,
0x07, 0xFE, 0xE0, 0x07, 0x02, 0x00,
0x04, 0x00, 0x11, 0x08, 0x20, 0x00,
0x00, 0x00, 0x00, 0x00, 0xE2, 0x00,
0x04, 0x00, 0x31, 0x08, 0x20, 0x00,
0x00, 0x00, 0x20, 0x00, 0xE2, 0x00,
0x04, 0x00, 0x51, 0x08, 0x20, 0x00,
0x00, 0x00, 0x40, 0x00, 0xE2, 0x00,
0x04, 0x00, 0x71, 0x08, 0x20, 0x00,
0x00, 0x00, 0x60, 0x00, 0xE2, 0x00,
0x04, 0x00, 0x91, 0x08, 0x20, 0x00,
0x00, 0x00, 0x80, 0x00, 0xE2, 0x00,
0x04, 0x00, 0xB1, 0x08, 0x20, 0x00,
0x00, 0x00, 0xA0, 0x00, 0xE2, 0x00,
0x04, 0x00, 0xD1, 0x08, 0x20, 0x00,
0x00, 0x00, 0xC0, 0x00, 0xE2, 0x00,
0x04, 0x01, 0x11, 0x08, 0x20, 0x00,
0x00, 0x00, 0xE0, 0x00, 0xE2, 0x00,
0x04, 0x01, 0x51, 0x08, 0x20, 0x00,
0x00, 0x01, 0x00, 0x00, 0xE2, 0x00,
0x04, 0x01, 0x71, 0x08, 0x20, 0x00,
0x00, 0x01, 0x20, 0x00, 0xE2, 0x00,
0x04, 0x01, 0x91, 0x08, 0x20, 0x00,
0x00, 0x01, 0x40, 0x00, 0xE2, 0x00,
0x04, 0x01, 0xB1, 0x08, 0x20, 0x00,
0x00, 0x01, 0x60, 0x00, 0xE2, 0x00,
0x00, 0x00, 0x00, 0x00, 0x00, 0x00,
0x04, 0x10, 0x11, 0x08, 0x20, 0x00,
0x00, 0x01, 0x80, 0x00, 0xE2, 0x00,
0x00, 0x00, 0x00, 0x00, 0x00, 0x00,
0x00, 0x00, 0x00, 0x00, 0x00, 0x00,
0x04, 0x10, 0x31, 0x08, 0x20, 0x00,
0x00, 0x01, 0xA0, 0x00, 0xE2, 0x00,
0x00, 0x00, 0x00, 0x00, 0x00, 0x00,
0x07, 0xFF, 0xA0, 0x08, 0x20, 0x00,
0x00, 0x01, 0xC0, 0x00, 0xE2, 0x00,
0x07, 0xFF, 0xA0, 0x0C, 0x20, 0x08,
0x00, 0x02, 0x11, 0x08, 0x20, 0x00,
0x07, 0xFF, 0xA0, 0x09, 0x22, 0x40,
0x07, 0xFF, 0xB1, 0x08, 0x42, 0x00,
0x07, 0xFF, 0xB1, 0x08, 0x40, 0x26,
0x07, 0xFF, 0xD1, 0x08, 0x22, 0x08,
0x00, 0x00, 0x00, 0x00, 0x00, 0x00,
0x07, 0xFF, 0xD1, 0x08, 0x24, 0x27,
0x00, 0x02, 0x20, 0x00, 0xE2, 0x00,
0x07, 0xFF, 0xA0, 0x0A, 0x40, 0x08,
0x07, 0xFF, 0xD1, 0x08, 0x20, 0x00,
0x07, 0xFF, 0xB1, 0x08, 0x20, 0x23,
0x00, 0x02, 0x40, 0x00, 0xE2, 0x00,
0x00, 0x02, 0x40, 0x0B, 0x20, 0x00,
0x00, 0x01, 0xE0, 0x00, 0xE2, 0x00,
0x00, 0x02, 0xD1, 0x1F, 0x20, 0x00,
0x00, 0x02, 0x91, 0x08, 0x22, 0x00,
0x00, 0x00, 0x00, 0x0E, 0xA0, 0x00,
0x07, 0xFF, 0x91, 0x18, 0x22, 0x00,
0x00, 0x00, 0x00, 0x0D, 0xA0, 0x00,
0x00, 0x02, 0xA0, 0x00, 0xEA, 0x00,
0x00, 0x02, 0xE0, 0x00, 0xF2, 0x00,
0x00, 0x02, 0xA0, 0x00, 0xC0, 0x00,
0x00, 0x00, 0x00, 0x00, 0x00, 0x00,
0x00, 0x00, 0x00, 0x00, 0x00, 0x00,
0x07, 0xFF, 0xB0, 0x01, 0x21, 0x00,
0x00, 0x00, 0x10, 0x00, 0xA1, 0x00,
0x00, 0x00, 0x00, 0x00, 0x00, 0x00,
0x07, 0xFF, 0x91, 0x08, 0x22, 0x40,
0x00, 0x03, 0x00, 0x00, 0xE2, 0x00,
0x00, 0x02, 0xE0, 0x00, 0xC0, 0x00,
0x00, 0x00, 0x00, 0x00, 0x00, 0x00,
0x00, 0x03, 0x1F, 0xFF, 0x20, 0x00,
0x07, 0xFF, 0x91, 0x08, 0x22, 0x00,
0x00, 0x03, 0x20, 0x00, 0xE2, 0x00,
0x00, 0x03, 0x20, 0x0F, 0x20, 0x00,
0x00, 0x02, 0x60, 0x00, 0xE2, 0x00,
0x07, 0xFF, 0xA0, 0x13, 0x20, 0x08,
0x07, 0xFF, 0xA0, 0x11, 0x40, 0x00,
0x00, 0x03, 0xC0, 0x00, 0xE4, 0x26,
0x00, 0x00, 0x00, 0x11, 0xA0, 0x00,
0x00, 0x03, 0xC0, 0x14, 0x20, 0x00,
0x07, 0xFF, 0x80, 0x14, 0x22, 0x40,
0x00, 0x00, 0x00, 0x15, 0xA0, 0x00,
0x07, 0xFF, 0x80, 0x14, 0x22, 0x00,
0x00, 0x04, 0x40, 0x00, 0xE2, 0x00,
0x00, 0x03, 0xD1, 0x08, 0x20, 0x00,
0x00, 0x04, 0x51, 0x08, 0x22, 0x00,
0x00, 0x03, 0xE0, 0x00, 0xE2, 0x00,
0x07, 0xFF, 0xA0, 0x13, 0x20, 0x08,
0x07, 0xFF, 0xA0, 0x11, 0x40, 0x00,
0x00, 0x03, 0xE0, 0x00, 0xE4, 0x26,
0x00, 0x03, 0xF1, 0x08, 0x40, 0x00,
0x07, 0xFF, 0xA0, 0x12, 0x20, 0x08,
0x00, 0x00, 0x00, 0x00, 0x00, 0x00,
0x00, 0x03, 0xE0, 0x00, 0xE2, 0x23,
0x00, 0x04, 0x11, 0x1F, 0x20, 0x00,
0x00, 0x03, 0x91, 0x08, 0x22, 0x00,
0x00, 0x03, 0xF1, 0x18, 0x22, 0x00,
0x00, 0x00, 0x00, 0x10, 0xA0, 0x00,
0x00, 0x03, 0xA0, 0x00, 0xEA, 0x00,
0x00, 0x04, 0x20, 0x00, 0xF2, 0x00,
0x00, 0x03, 0xA0, 0x00, 0xC0, 0x00,
0x00, 0x00, 0x00, 0x00, 0x00, 0x00,
0x00, 0x00, 0x00, 0x00, 0x00, 0x00,
0x00, 0x00, 0x10, 0x01, 0xA1, 0x00,
0x07, 0xFF, 0x91, 0x08, 0x20, 0x00,
0x00, 0x00, 0x10, 0x00, 0xA1, 0x00,
0x07, 0xFF, 0x91, 0x08, 0x22, 0x40,
0x00, 0x03, 0x00, 0x00, 0xE2, 0x00,
0x00, 0x04, 0x20, 0x00, 0xC0, 0x00,
0x00, 0x03, 0x1F, 0xFF, 0x20, 0x00,
0x07, 0xFF, 0x91, 0x08, 0x22, 0x00,
0x00, 0x03, 0x60, 0x00, 0xE2, 0x00,
0x07, 0xFF, 0xA0, 0x16, 0x20, 0x00,
0x00, 0x04, 0x60, 0x00, 0xE2, 0x00,
0x00, 0x04, 0xF1, 0x1F, 0x20, 0x00,
0x00, 0x04, 0xB1, 0x08, 0x22, 0x00,
0x00, 0x00, 0x00, 0x18, 0xA0, 0x00,
0x07, 0xFF, 0x91, 0x18, 0x22, 0x00,
0x00, 0x00, 0x00, 0x17, 0xA0, 0x00,
0x00, 0x04, 0xC0, 0x00, 0xEA, 0x00,
0x00, 0x05, 0x00, 0x00, 0xF2, 0x00,
0x00, 0x04, 0xC0, 0x00, 0xC0, 0x00,
0x00, 0x00, 0x00, 0x00, 0x00, 0x00,
0x00, 0x00, 0x00, 0x00, 0x00, 0x00,
0x07, 0xFF, 0xB0, 0x01, 0x21, 0x00,
0x00, 0x00, 0x10, 0x00, 0xA1, 0x00,
0x00, 0x00, 0x00, 0x00, 0x00, 0x00,
0x07, 0xFF, 0x91, 0x08, 0x22, 0x40,
0x00, 0x03, 0x00, 0x00, 0xE2, 0x00,
0x00, 0x05, 0x00, 0x00, 0xC0, 0x00,
0x00, 0x00, 0x00, 0x00, 0x00, 0x00,
0x00, 0x03, 0x1F, 0xFF, 0x20, 0x00,
0x07, 0xFF, 0x91, 0x08, 0x22, 0x00,
0x00, 0x03, 0x20, 0x00, 0xE2, 0x00,
0x00, 0x03, 0x20, 0x19, 0x20, 0x00,
0x00, 0x04, 0x80, 0x00, 0xE2, 0x00,
0x00, 0x01, 0xD1, 0x08, 0x20, 0x00,
0x07, 0xFE, 0xF2, 0x41, 0x02, 0x00,
0x00, 0x01, 0xF1, 0x08, 0x20, 0x00,
0x07, 0xFE, 0xF2, 0x40, 0x02, 0x00,
0x07, 0xFF, 0xA0, 0x1A, 0x20, 0x00,
0x00, 0x05, 0x51, 0x08, 0x22, 0x40,
0x00, 0x05, 0xC0, 0x00, 0xE2, 0x00,
0x00, 0x05, 0x91, 0x08, 0x20, 0x00,
0x00, 0x05, 0x51, 0x08, 0x34, 0x00,
0x00, 0x05, 0xC0, 0x1B, 0x22, 0x00,
0x00, 0x05, 0x60, 0x00, 0xE2, 0x00,
0x00, 0x05, 0x60, 0x00, 0xC0, 0x00,
0x00, 0x05, 0xA0, 0x00, 0xF2, 0x00,
0x00, 0x00, 0x00, 0x00, 0x00, 0x00,
0x00, 0x02, 0x7F, 0xFF, 0x20, 0x00,
0x00, 0x05, 0x20, 0x00, 0xE2, 0x00,
0x00, 0x00, 0x00, 0x00, 0x00, 0x00,
0x07, 0xFF, 0xA0, 0x1C, 0x20, 0x00,
0x00, 0x06, 0x11, 0x08, 0x22, 0x40,
0x00, 0x06, 0x80, 0x00, 0xE2, 0x00,
0x00, 0x06, 0x51, 0x08, 0x20, 0x00,
0x00, 0x06, 0x11, 0x08, 0x34, 0x00,
0x00, 0x06, 0x80, 0x1D, 0x22, 0x00,
0x00, 0x06, 0x20, 0x00, 0xE2, 0x00,
0x00, 0x06, 0x20, 0x00, 0xC0, 0x00,
0x00, 0x06, 0x60, 0x00, 0xF2, 0x00,
0x00, 0x00, 0x00, 0x00, 0x00, 0x00,
0x00, 0x03, 0x7F, 0xFF, 0x20, 0x00,
0x00, 0x05, 0xE0, 0x00, 0xE2, 0x00,
0x00, 0x00, 0x00, 0x00, 0x00, 0x00,
0x07, 0xFF, 0xA0, 0x1E, 0x20, 0x00,
0x00, 0x06, 0xD1, 0x08, 0x22, 0x40,
0x00, 0x07, 0x40, 0x00, 0xE2, 0x00,
0x00, 0x07, 0x11, 0x08, 0x20, 0x00,
0x00, 0x06, 0xD1, 0x08, 0x34, 0x00,
0x00, 0x07, 0x40, 0x1F, 0x22, 0x00,
0x00, 0x06, 0xE0, 0x00, 0xE2, 0x00,
0x00, 0x06, 0xE0, 0x00, 0xC0, 0x00,
0x00, 0x07, 0x20, 0x00, 0xF2, 0x00,
0x00, 0x00, 0x00, 0x00, 0x00, 0x00,
0x00, 0x04, 0x9F, 0xFF, 0x20, 0x00,
0x00, 0x06, 0xA0, 0x00, 0xE2, 0x00,
0x00, 0x00, 0x00, 0x00, 0x00, 0x00,
0x07, 0xFF, 0xA0, 0x20, 0x20, 0x00,
0x00, 0x07, 0x91, 0x08, 0x22, 0x40,
0x00, 0x08, 0x00, 0x00, 0xE2, 0x00,
0x00, 0x07, 0xD1, 0x08, 0x20, 0x00,
0x00, 0x07, 0x91, 0x08, 0x34, 0x00,
0x00, 0x08, 0x00, 0x21, 0x22, 0x00,
0x00, 0x07, 0xA0, 0x00, 0xE2, 0x00,
0x00, 0x07, 0xA0, 0x00, 0xC0, 0x00,
0x00, 0x07, 0xE0, 0x00, 0xF2, 0x00,
0x00, 0x00, 0x00, 0x00, 0x00, 0x00,
0x00, 0x01, 0x9F, 0xFF, 0x20, 0x00,
0x00, 0x07, 0x60, 0x00, 0xE2, 0x00,
0x00, 0x00, 0x00, 0x00, 0x00, 0x00,
0x07, 0xFF, 0xA0, 0x22, 0x20, 0x00,
0x00, 0x08, 0x51, 0x08, 0x22, 0x40,
0x00, 0x08, 0xC0, 0x00, 0xE2, 0x00,
0x00, 0x08, 0x91, 0x08, 0x20, 0x00,
0x00, 0x08, 0x51, 0x08, 0x34, 0x00,
0x00, 0x08, 0xC0, 0x23, 0x22, 0x00,
0x00, 0x08, 0x60, 0x00, 0xE2, 0x00,
0x00, 0x08, 0x60, 0x00, 0xC0, 0x00,
0x00, 0x08, 0xA0, 0x00, 0xF2, 0x00,
0x00, 0x00, 0x00, 0x00, 0x00, 0x00,
0x00, 0x00, 0x1F, 0xFF, 0x20, 0x00,
0x00, 0x08, 0x20, 0x00, 0xE2, 0x00,
0x00, 0x00, 0x00, 0x00, 0x00, 0x00,
0x07, 0xFF, 0xA0, 0x24, 0x20, 0x00,
0x00, 0x09, 0x11, 0x08, 0x22, 0x40,
0x00, 0x09, 0x80, 0x00, 0xE2, 0x00,
0x00, 0x09, 0x51, 0x08, 0x20, 0x00,
0x00, 0x09, 0x11, 0x08, 0x34, 0x00,
0x00, 0x09, 0x80, 0x25, 0x22, 0x00,
0x00, 0x09, 0x20, 0x00, 0xE2, 0x00,
0x00, 0x09, 0x20, 0x00, 0xC0, 0x00,
0x00, 0x09, 0x60, 0x00, 0xF2, 0x00,
0x00, 0x00, 0x00, 0x00, 0x00, 0x00,
0x00, 0x00, 0x3F, 0xFF, 0x20, 0x00,
0x00, 0x08, 0xE0, 0x00, 0xE2, 0x00,
0x00, 0x00, 0x00, 0x00, 0x00, 0x00,
0x07, 0xFF, 0xA0, 0x26, 0x20, 0x00,
0x00, 0x09, 0xD1, 0x08, 0x22, 0x40,
0x00, 0x0A, 0x40, 0x00, 0xE2, 0x00,
0x00, 0x0A, 0x11, 0x08, 0x20, 0x00,
0x00, 0x09, 0xD1, 0x08, 0x34, 0x00,
0x00, 0x0A, 0x40, 0x27, 0x22, 0x00,
0x00, 0x09, 0xE0, 0x00, 0xE2, 0x00,
0x00, 0x09, 0xE0, 0x00, 0xC0, 0x00,
0x00, 0x0A, 0x20, 0x00, 0xF2, 0x00,
0x00, 0x00, 0x00, 0x00, 0x00, 0x00,
0x00, 0x00, 0x5F, 0xFF, 0x20, 0x00,
0x00, 0x09, 0xA0, 0x00, 0xE2, 0x00,
0x00, 0x00, 0x00, 0x00, 0x00, 0x00,
0x07, 0xFF, 0xA0, 0x28, 0x20, 0x00,
0x00, 0x0A, 0x91, 0x08, 0x22, 0x40,
0x00, 0x0B, 0x00, 0x00, 0xE2, 0x00,
0x00, 0x0A, 0xD1, 0x08, 0x20, 0x00,
0x00, 0x0A, 0x91, 0x08, 0x34, 0x00,
0x00, 0x0B, 0x00, 0x29, 0x22, 0x00,
0x00, 0x0A, 0xA0, 0x00, 0xE2, 0x00,
0x00, 0x0A, 0xA0, 0x00, 0xC0, 0x00,
0x00, 0x0A, 0xE0, 0x00, 0xF2, 0x00,
0x00, 0x00, 0x00, 0x00, 0x00, 0x00,
0x00, 0x00, 0x7F, 0xFF, 0x20, 0x00,
0x00, 0x0A, 0x60, 0x00, 0xE2, 0x00,
0x00, 0x00, 0x00, 0x00, 0x00, 0x00,
0x07, 0xFF, 0xA0, 0x2A, 0x20, 0x00,
0x00, 0x0B, 0x51, 0x08, 0x22, 0x40,
0x00, 0x0B, 0xC0, 0x00, 0xE2, 0x00,
0x00, 0x0B, 0x91, 0x08, 0x20, 0x00,
0x00, 0x0B, 0x51, 0x08, 0x34, 0x00,
0x00, 0x0B, 0xC0, 0x2B, 0x22, 0x00,
0x00, 0x0B, 0x60, 0x00, 0xE2, 0x00,
0x00, 0x0B, 0x60, 0x00, 0xC0, 0x00,
0x00, 0x0B, 0xA0, 0x00, 0xF2, 0x00,
0x00, 0x00, 0x00, 0x00, 0x00, 0x00,
0x00, 0x00, 0x9F, 0xFF, 0x20, 0x00,
0x00, 0x0B, 0x20, 0x00, 0xE2, 0x00,
0x00, 0x00, 0x00, 0x00, 0x00, 0x00,
0x07, 0xFF, 0xA0, 0x2C, 0x20, 0x00,
0x00, 0x0C, 0x11, 0x08, 0x22, 0x40,
0x00, 0x0C, 0x80, 0x00, 0xE2, 0x00,
0x00, 0x0C, 0x51, 0x08, 0x20, 0x00,
0x00, 0x0C, 0x11, 0x08, 0x34, 0x00,
0x00, 0x0C, 0x80, 0x2D, 0x22, 0x00,
0x00, 0x0C, 0x20, 0x00, 0xE2, 0x00,
0x00, 0x0C, 0x20, 0x00, 0xC0, 0x00,
0x00, 0x0C, 0x60, 0x00, 0xF2, 0x00,
0x00, 0x00, 0x00, 0x00, 0x00, 0x00,
0x00, 0x00, 0xBF, 0xFF, 0x20, 0x00,
0x00, 0x0B, 0xE0, 0x00, 0xE2, 0x00,
0x00, 0x00, 0x00, 0x00, 0x00, 0x00,
0x07, 0xFF, 0xA0, 0x2E, 0x20, 0x00,
0x00, 0x0C, 0xD1, 0x08, 0x22, 0x40,
0x00, 0x0D, 0x40, 0x00, 0xE2, 0x00,
0x00, 0x0D, 0x11, 0x08, 0x20, 0x00,
0x00, 0x0C, 0xD1, 0x08, 0x34, 0x00,
0x00, 0x0D, 0x40, 0x2F, 0x22, 0x00,
0x00, 0x0C, 0xE0, 0x00, 0xE2, 0x00,
0x00, 0x0C, 0xE0, 0x00, 0xC0, 0x00,
0x00, 0x0D, 0x20, 0x00, 0xF2, 0x00,
0x00, 0x00, 0x00, 0x00, 0x00, 0x00,
0x00, 0x00, 0xDF, 0xFF, 0x20, 0x00,
0x00, 0x0C, 0xA0, 0x00, 0xE2, 0x00,
0x00, 0x00, 0x00, 0x00, 0x00, 0x00,
0x07, 0xFF, 0xA0, 0x30, 0x20, 0x00,
0x00, 0x0D, 0x91, 0x08, 0x22, 0x40,
0x00, 0x0E, 0x00, 0x00, 0xE2, 0x00,
0x00, 0x0D, 0xD1, 0x08, 0x20, 0x00,
0x00, 0x0D, 0x91, 0x08, 0x34, 0x00,
0x00, 0x0E, 0x00, 0x31, 0x22, 0x00,
0x00, 0x0D, 0xA0, 0x00, 0xE2, 0x00,
0x00, 0x0D, 0xA0, 0x00, 0xC0, 0x00,
0x00, 0x0D, 0xE0, 0x00, 0xF2, 0x00,
0x00, 0x00, 0x00, 0x00, 0x00, 0x00,
0x00, 0x00, 0xFF, 0xFF, 0x20, 0x00,
0x00, 0x0D, 0x60, 0x00, 0xE2, 0x00,
0x00, 0x00, 0x00, 0x00, 0x00, 0x00,
0x07, 0xFF, 0xA0, 0x32, 0x20, 0x00,
0x00, 0x0E, 0x51, 0x08, 0x22, 0x40,
0x00, 0x0E, 0xC0, 0x00, 0xE2, 0x00,
0x00, 0x0E, 0x91, 0x08, 0x20, 0x00,
0x00, 0x0E, 0x51, 0x08, 0x34, 0x00,
0x00, 0x0E, 0xC0, 0x33, 0x22, 0x00,
0x00, 0x0E, 0x60, 0x00, 0xE2, 0x00,
0x00, 0x0E, 0x60, 0x00, 0xC0, 0x00,
0x00, 0x0E, 0xA0, 0x00, 0xF2, 0x00,
0x00, 0x00, 0x00, 0x00, 0x00, 0x00,
0x00, 0x01, 0x1F, 0xFF, 0x20, 0x00,
0x00, 0x0E, 0x20, 0x00, 0xE2, 0x00,
0x00, 0x00, 0x00, 0x00, 0x00, 0x00,
0x07, 0xFF, 0xA0, 0x34, 0x20, 0x00,
0x00, 0x0F, 0x11, 0x08, 0x22, 0x40,
0x00, 0x0F, 0x80, 0x00, 0xE2, 0x00,
0x00, 0x0F, 0x51, 0x08, 0x20, 0x00,
0x00, 0x0F, 0x11, 0x08, 0x34, 0x00,
0x00, 0x0F, 0x80, 0x35, 0x22, 0x00,
0x00, 0x0F, 0x20, 0x00, 0xE2, 0x00,
0x00, 0x0F, 0x20, 0x00, 0xC0, 0x00,
0x00, 0x0F, 0x60, 0x00, 0xF2, 0x00,
0x00, 0x00, 0x00, 0x00, 0x00, 0x00,
0x00, 0x01, 0x3F, 0xFF, 0x20, 0x00,
0x00, 0x0E, 0xE0, 0x00, 0xE2, 0x00,
0x00, 0x00, 0x00, 0x00, 0x00, 0x00,
0x00, 0x00, 0x60, 0x00, 0xC0, 0x00,
0x00, 0x00, 0x71, 0x08, 0x20, 0x00,
0x00, 0x10, 0x60, 0x00, 0xE2, 0x00,
0x07, 0xFE, 0xE0, 0x3B, 0x02, 0x00,
0x07, 0xFE, 0xE0, 0x3C, 0x12, 0x00,
0x00, 0x00, 0x7F, 0xFF, 0x20, 0x00,
0x00, 0x10, 0x20, 0x00, 0xE2, 0x00,
0x00, 0x10, 0x40, 0x00, 0xF2, 0x00,
0x00, 0x0F, 0xF1, 0x08, 0x20, 0x00,
0x00, 0x0F, 0xE0, 0x36, 0x22, 0x40,
0x00, 0x10, 0x40, 0x36, 0x22, 0x00,
0x00, 0x0F, 0xB1, 0x08, 0x34, 0x00,
0x00, 0x0F, 0xA0, 0x36, 0x22, 0x40,
0x00, 0x10, 0x20, 0x36, 0x22, 0x00,
0x00, 0x0F, 0xC0, 0x00, 0xE2, 0x00,
0x00, 0x10, 0x00, 0x00, 0xF2, 0x00,
0x07, 0xFE, 0xE0, 0x39, 0x02, 0x00,
0x07, 0xFE, 0xE0, 0x3A, 0x12, 0x00,
0x00, 0x01, 0x80, 0x00, 0xC0, 0x00,
0x00, 0x01, 0x91, 0x08, 0x20, 0x00,
0x00, 0x11, 0x00, 0x00, 0xE2, 0x00,
0x07, 0xFE, 0xE0, 0x42, 0x02, 0x00,
0x07, 0xFE, 0xE0, 0x43, 0x12, 0x00,
0x00, 0x01, 0x9F, 0xFF, 0x20, 0x00,
0x00, 0x10, 0x20, 0x00, 0xE2, 0x00,
0x00, 0x10, 0x40, 0x00, 0xF2, 0x00,
0x00, 0x10, 0xD1, 0x08, 0x20, 0x00,
0x00, 0x10, 0xC0, 0x3D, 0x22, 0x40,
0x00, 0x10, 0x40, 0x3D, 0x22, 0x00,
0x00, 0x10, 0x91, 0x08, 0x34, 0x00,
0x00, 0x10, 0x80, 0x3D, 0x22, 0x40,
0x00, 0x10, 0x20, 0x3D, 0x22, 0x00,
0x00, 0x10, 0xA0, 0x00, 0xE2, 0x00,
0x00, 0x10, 0xE0, 0x00, 0xF2, 0x00,
0x07, 0xFE, 0xE0, 0x40, 0x02, 0x00,
0x07, 0xFE, 0xE0, 0x41, 0x12, 0x00,
0x00, 0x00, 0x40, 0x00, 0xC0, 0x00,
0x00, 0x00, 0x51, 0x08, 0x20, 0x00,
0x00, 0x11, 0xA0, 0x00, 0xE2, 0x00,
0x07, 0xFE, 0xE0, 0x49, 0x02, 0x00,
0x07, 0xFE, 0xE0, 0x4A, 0x12, 0x00,
0x00, 0x00, 0x5F, 0xFF, 0x20, 0x00,
0x00, 0x10, 0x20, 0x00, 0xE2, 0x00,
0x00, 0x10, 0x40, 0x00, 0xF2, 0x00,
0x00, 0x11, 0x71, 0x08, 0x20, 0x00,
0x00, 0x11, 0x60, 0x44, 0x22, 0x40,
0x00, 0x10, 0x40, 0x44, 0x22, 0x00,
0x00, 0x11, 0x31, 0x08, 0x34, 0x00,
0x00, 0x11, 0x20, 0x44, 0x22, 0x40,
0x00, 0x10, 0x20, 0x44, 0x22, 0x00,
0x00, 0x11, 0x40, 0x00, 0xE2, 0x00,
0x00, 0x11, 0x80, 0x00, 0xF2, 0x00,
0x07, 0xFE, 0xE0, 0x47, 0x02, 0x00,
0x07, 0xFE, 0xE0, 0x48, 0x12, 0x00,
0x00, 0x00, 0x00, 0x00, 0xC0, 0x00,
0x00, 0x00, 0x11, 0x08, 0x20, 0x00,
0x00, 0x12, 0x40, 0x00, 0xE2, 0x00,
0x07, 0xFE, 0xE0, 0x50, 0x02, 0x00,
0x07, 0xFE, 0xE0, 0x51, 0x12, 0x00,
0x00, 0x00, 0x1F, 0xFF, 0x20, 0x00,
0x00, 0x10, 0x20, 0x00, 0xE2, 0x00,
0x00, 0x10, 0x40, 0x00, 0xF2, 0x00,
0x00, 0x12, 0x11, 0x08, 0x20, 0x00,
0x00, 0x12, 0x00, 0x4B, 0x22, 0x40,
0x00, 0x10, 0x40, 0x4B, 0x22, 0x00,
0x00, 0x11, 0xD1, 0x08, 0x34, 0x00,
0x00, 0x11, 0xC0, 0x4B, 0x22, 0x40,
0x00, 0x10, 0x20, 0x4B, 0x22, 0x00,
0x00, 0x11, 0xE0, 0x00, 0xE2, 0x00,
0x00, 0x12, 0x20, 0x00, 0xF2, 0x00,
0x07, 0xFE, 0xE0, 0x4E, 0x02, 0x00,
0x07, 0xFE, 0xE0, 0x4F, 0x12, 0x00,
0x07, 0xFF, 0xA0, 0x52, 0x20, 0x00,
0x00, 0x12, 0x91, 0x08, 0x22, 0x40,
0x00, 0x13, 0x00, 0x00, 0xE2, 0x00,
0x00, 0x12, 0xD1, 0x08, 0x20, 0x00,
0x00, 0x12, 0x91, 0x08, 0x34, 0x00,
0x00, 0x13, 0x00, 0x53, 0x22, 0x00,
0x00, 0x12, 0xA0, 0x00, 0xE2, 0x00,
0x00, 0x12, 0xA0, 0x00, 0xC0, 0x00,
0x00, 0x12, 0xE0, 0x00, 0xF2, 0x00,
0x00, 0x00, 0x00, 0x00, 0x00, 0x00,
0x00, 0x01, 0x5F, 0xFF, 0x20, 0x00,
0x00, 0x12, 0x60, 0x00, 0xE2, 0x00,
0x00, 0x00, 0x00, 0x00, 0x00, 0x00,
0x07, 0xFF, 0xA0, 0x54, 0x20, 0x00,
0x00, 0x13, 0x51, 0x08, 0x22, 0x40,
0x00, 0x13, 0xC0, 0x00, 0xE2, 0x00,
0x00, 0x13, 0x91, 0x08, 0x20, 0x00,
0x00, 0x13, 0x51, 0x08, 0x34, 0x00,
0x00, 0x13, 0xC0, 0x55, 0x22, 0x00,
0x00, 0x13, 0x60, 0x00, 0xE2, 0x00,
0x00, 0x13, 0x60, 0x00, 0xC0, 0x00,
0x00, 0x13, 0xA0, 0x00, 0xF2, 0x00,
0x00, 0x00, 0x00, 0x00, 0x00, 0x00,
0x00, 0x01, 0x7F, 0xFF, 0x20, 0x00,
0x00, 0x13, 0x20, 0x00, 0xE2, 0x00,
0x00, 0x00, 0x00, 0x00, 0x00, 0x00,
0x03, 0xF7, 0x00, 0x58, 0x20, 0x00,
0x03, 0xF7, 0x00, 0x57, 0x34, 0x00,
0x03, 0xF7, 0x20, 0x56, 0x22, 0x00,
0x07, 0xFE, 0xE0, 0x57, 0x02, 0x00,
0x07, 0xFE, 0xE0, 0x58, 0x12, 0x00,
0x00, 0x00, 0x40, 0x57, 0x20, 0x00,
0x00, 0x13, 0xE0, 0x00, 0xE2, 0x00,
0x03, 0xF7, 0x40, 0x5B, 0x20, 0x00,
0x03, 0xF7, 0x40, 0x5A, 0x34, 0x00,
0x03, 0xF7, 0x60, 0x59, 0x22, 0x00,
0x07, 0xFE, 0xE0, 0x5A, 0x02, 0x00,
0x07, 0xFE, 0xE0, 0x5B, 0x12, 0x00,
0x00, 0x00, 0x60, 0x5A, 0x20, 0x00,
0x00, 0x14, 0x00, 0x00, 0xE2, 0x00,
0x03, 0xF7, 0x80, 0x5E, 0x20, 0x00,
0x03, 0xF7, 0x80, 0x5D, 0x34, 0x00,
0x03, 0xF7, 0xA0, 0x5C, 0x22, 0x00,
0x07, 0xFE, 0xE0, 0x5D, 0x02, 0x00,
0x07, 0xFE, 0xE0, 0x5E, 0x12, 0x00,
0x00, 0x01, 0x00, 0x5D, 0x20, 0x00,
0x00, 0x14, 0x20, 0x00, 0xE2, 0x00,
0x03, 0xF7, 0xC0, 0x61, 0x20, 0x00,
0x03, 0xF7, 0xC0, 0x60, 0x34, 0x00,
0x03, 0xF7, 0xE0, 0x5F, 0x22, 0x00,
0x07, 0xFE, 0xE0, 0x60, 0x02, 0x00,
0x07, 0xFE, 0xE0, 0x61, 0x12, 0x00,
0x00, 0x01, 0x20, 0x60, 0x20, 0x00,
0x00, 0x14, 0x40, 0x00, 0xE2, 0x00,
0x03, 0xF8, 0x00, 0x64, 0x20, 0x00,
0x03, 0xF8, 0x00, 0x63, 0x34, 0x00,
0x03, 0xF8, 0x20, 0x62, 0x22, 0x00,
0x07, 0xFE, 0xE0, 0x63, 0x02, 0x00,
0x07, 0xFE, 0xE0, 0x64, 0x12, 0x00,
0x00, 0x01, 0x40, 0x63, 0x20, 0x00,
0x00, 0x14, 0x60, 0x00, 0xE2, 0x00,
0x03, 0xF8, 0x40, 0x67, 0x20, 0x00,
0x03, 0xF8, 0x40, 0x66, 0x34, 0x00,
0x03, 0xF8, 0x60, 0x65, 0x22, 0x00,
0x07, 0xFE, 0xE0, 0x66, 0x02, 0x00,
0x07, 0xFE, 0xE0, 0x67, 0x12, 0x00,
0x00, 0x01, 0x60, 0x66, 0x20, 0x00,
0x00, 0x14, 0x80, 0x00, 0xE2, 0x00,
0x07, 0xFF, 0xA0, 0x68, 0x20, 0x00,
0x00, 0x16, 0x80, 0x00, 0xE2, 0x00,
0x00, 0x01, 0x91, 0x08, 0x20, 0x00,
0x00, 0x14, 0xC0, 0x00, 0xE2, 0x00,
0x00, 0x00, 0x11, 0x08, 0x20, 0x00,
0x00, 0x14, 0xE0, 0x00, 0xE2, 0x00,
0x00, 0x00, 0x31, 0x08, 0x20, 0x00,
0x00, 0x15, 0x00, 0x00, 0xE2, 0x00,
0x00, 0x13, 0xF1, 0x08, 0x20, 0x00,
0x00, 0x15, 0x20, 0x00, 0xE2, 0x00,
0x00, 0x14, 0x11, 0x08, 0x20, 0x00,
0x00, 0x15, 0x40, 0x00, 0xE2, 0x00,
0x00, 0x00, 0x91, 0x08, 0x20, 0x00,
0x00, 0x15, 0x60, 0x00, 0xE2, 0x00,
0x00, 0x00, 0xB1, 0x08, 0x20, 0x00,
0x00, 0x15, 0x80, 0x00, 0xE2, 0x00,
0x00, 0x00, 0xD1, 0x08, 0x20, 0x00,
0x00, 0x15, 0xA0, 0x00, 0xE2, 0x00,
0x00, 0x00, 0xF1, 0x08, 0x20, 0x00,
0x00, 0x15, 0xC0, 0x00, 0xE2, 0x00,
0x00, 0x14, 0x31, 0x08, 0x20, 0x00,
0x00, 0x15, 0xE0, 0x00, 0xE2, 0x00,
0x00, 0x14, 0x51, 0x08, 0x20, 0x00,
0x00, 0x16, 0x00, 0x00, 0xE2, 0x00,
0x00, 0x14, 0x71, 0x08, 0x20, 0x00,
0x00, 0x16, 0x20, 0x00, 0xE2, 0x00,
0x00, 0x14, 0x91, 0x08, 0x20, 0x00,
0x00, 0x16, 0x40, 0x00, 0xE2, 0x00,
0x07, 0xFF, 0xD1, 0x08, 0x20, 0x00,
0x00, 0x17, 0xE0, 0x00, 0xE2, 0x00,
0x00, 0x16, 0x71, 0x08, 0x20, 0x00,
0x00, 0x16, 0x91, 0x08, 0x22, 0x48,
0x00, 0x00, 0x00, 0x00, 0x00, 0x00,
0x07, 0xFF, 0xB1, 0x08, 0x20, 0x26,
0x00, 0x17, 0xE0, 0x00, 0xE2, 0x00,
0x00, 0x16, 0xF1, 0x08, 0x20, 0x00,
0x07, 0xFF, 0xB1, 0x13, 0x22, 0x48,
0x00, 0x16, 0x71, 0x08, 0x20, 0x00,
0x00, 0x17, 0x71, 0x08, 0x20, 0x25,
0x00, 0x17, 0x80, 0x00, 0xE2, 0x00,
0x00, 0x17, 0x31, 0x08, 0x20, 0x00,
0x07, 0xFF, 0xB1, 0x13, 0x22, 0x48,
0x00, 0x16, 0x71, 0x08, 0x20, 0x00,
0x00, 0x17, 0xB1, 0x08, 0x20, 0x25,
0x00, 0x17, 0xC0, 0x00, 0xE2, 0x00,
0x00, 0x18, 0x11, 0x08, 0x20, 0x00,
0x00, 0x00, 0x00, 0x00, 0x00, 0x00,
0x00, 0x18, 0x40, 0x00, 0xF0, 0x00,
0x00, 0x18, 0x51, 0x08, 0x20, 0x00,
0x07, 0xFF, 0xB1, 0x13, 0x22, 0x48,
0x00, 0x17, 0xF1, 0x08, 0x20, 0x00,
0x07, 0xFF, 0xD1, 0x08, 0x20, 0x25,
0x00, 0x17, 0xE0, 0x00, 0xE2, 0x00,
0x00, 0x16, 0x71, 0x08, 0x20, 0x00,
0x00, 0x16, 0x80, 0x00, 0xE2, 0x25,
0x00, 0x16, 0xB1, 0x08, 0x20, 0x00,
0x00, 0x16, 0xF1, 0x08, 0x22, 0x40,
0x00, 0x18, 0x20, 0x00, 0xE2, 0x00,
0x00, 0x16, 0xF1, 0x08, 0x20, 0x00,
0x00, 0x18, 0x31, 0x14, 0x22, 0x00,
0x00, 0x17, 0x00, 0x00, 0xE2, 0x00,
0x00, 0x17, 0x80, 0x00, 0xC0, 0x00,
0x00, 0x00, 0x1F, 0xFF, 0xA0, 0x00,
0x00, 0x17, 0x00, 0x00, 0xC0, 0x00,
0x00, 0x00, 0x00, 0x00, 0x00, 0x00,
0x00, 0x14, 0xDF, 0xFF, 0x20, 0x80,
0x00, 0x14, 0xA0, 0x00, 0xE2, 0x00,
0x07, 0xFF, 0xB1, 0x08, 0x20, 0x00,
0x07, 0xFF, 0xBF, 0xFF, 0x22, 0x40,
0x00, 0x17, 0x40, 0x00, 0xE2, 0x00,
0x00, 0x17, 0xC0, 0x00, 0xC0, 0x00,
0x00, 0x00, 0x1F, 0xFF, 0xA0, 0x00,
0x00, 0x17, 0x40, 0x00, 0xC0, 0x00,
0x00, 0x00, 0x00, 0x00, 0x00, 0x00,
0x00, 0x14, 0xDF, 0xFF, 0x20, 0x80,
0x00, 0x14, 0xB1, 0x08, 0x22, 0x00,
0x00, 0x14, 0xA0, 0x00, 0xE2, 0x00,
0x00, 0x16, 0xB1, 0x08, 0x20, 0x00,
0x00, 0x17, 0xF1, 0x08, 0x22, 0x40,
0x00, 0x00, 0x00, 0x00, 0x00, 0x00,
0x00, 0x16, 0xC0, 0x00, 0xF0, 0x00,
0x00, 0x00, 0x00, 0x00, 0x00, 0x00,
0x00, 0x10, 0x71, 0x08, 0x20, 0x00,
0x07, 0xFF, 0xD1, 0x08, 0x30, 0x00,
0x00, 0x19, 0x20, 0x00, 0xE2, 0x00,
0x00, 0x18, 0xF1, 0x08, 0x20, 0x00,
0x00, 0x18, 0xE0, 0x69, 0x22, 0x40,
0x00, 0x19, 0x20, 0x69, 0x22, 0x00,
0x00, 0x19, 0x00, 0x00, 0xE2, 0x00,
0x00, 0x18, 0x60, 0x00, 0xE2, 0x00,
0x03, 0xF8, 0xB1, 0x08, 0x20, 0x00,
0x03, 0xF8, 0x80, 0x00, 0xE2, 0x00,
0x03, 0xF8, 0xF1, 0x08, 0x20, 0x00,
0x03, 0xF8, 0xC0, 0x00, 0xE2, 0x00,
0x03, 0xF8, 0xD1, 0x08, 0x20, 0x00,
0x00, 0x19, 0x11, 0x08, 0x40, 0x08,
0x03, 0xF8, 0x80, 0x6A, 0x20, 0x00,
0x03, 0xF8, 0xC0, 0x6A, 0x34, 0x00,
0x03, 0xF8, 0xE0, 0x00, 0xE2, 0x00,
0x03, 0xF8, 0xA0, 0x00, 0xF2, 0x00,
0x03, 0xF8, 0x80, 0x6C, 0x20, 0x00,
0x03, 0xF8, 0xC0, 0x6C, 0x34, 0x00,
0x03, 0xF8, 0xE0, 0x00, 0xE2, 0x22,
0x03, 0xF8, 0xA0, 0x00, 0xF2, 0x22,
0x03, 0xF9, 0x31, 0x08, 0x20, 0x00,
0x03, 0xF9, 0x00, 0x00, 0xE2, 0x00,
0x03, 0xF9, 0x71, 0x08, 0x20, 0x00,
0x03, 0xF9, 0x40, 0x00, 0xE2, 0x00,
0x03, 0xF9, 0x51, 0x08, 0x20, 0x00,
0x00, 0x19, 0x11, 0x08, 0x40, 0x08,
0x03, 0xF9, 0x00, 0x6B, 0x20, 0x00,
0x03, 0xF9, 0x40, 0x6B, 0x34, 0x00,
0x03, 0xF9, 0x60, 0x00, 0xE2, 0x00,
0x03, 0xF9, 0x20, 0x00, 0xF2, 0x00,
0x03, 0xF9, 0x00, 0x6D, 0x20, 0x00,
0x03, 0xF9, 0x40, 0x6D, 0x34, 0x00,
0x03, 0xF9, 0x60, 0x00, 0xE2, 0x22,
0x03, 0xF9, 0x20, 0x00, 0xF2, 0x22,
0x03, 0xF8, 0xF1, 0x08, 0x40, 0x00,
0x03, 0xF9, 0x71, 0x08, 0x20, 0x08,
0x00, 0x00, 0x00, 0x00, 0x00, 0x00,
0x03, 0xF8, 0xE0, 0x00, 0xE2, 0x22,
0x03, 0xF8, 0xA0, 0x00, 0xF2, 0x22,
0x03, 0xF8, 0xF1, 0x08, 0x20, 0x00,
0x00, 0x18, 0x80, 0x00, 0xE2, 0x00,
0x03, 0xF9, 0x71, 0x08, 0x20, 0x00,
0x00, 0x18, 0xA0, 0x00, 0xE2, 0x00,
0x03, 0xF8, 0xF1, 0x08, 0x20, 0x00,
0x03, 0xF9, 0x71, 0x08, 0x22, 0x40,
0x00, 0x18, 0xC0, 0x00, 0xE2, 0x00,
0x00, 0x11, 0xB1, 0x08, 0x20, 0x00,
0x07, 0xFF, 0xD1, 0x08, 0x30, 0x00,
0x00, 0x1A, 0x00, 0x00, 0xE2, 0x00,
0x00, 0x19, 0xD1, 0x08, 0x20, 0x00,
0x00, 0x19, 0xC0, 0x6E, 0x22, 0x40,
0x00, 0x1A, 0x00, 0x6E, 0x22, 0x00,
0x00, 0x19, 0xE0, 0x00, 0xE2, 0x00,
0x00, 0x19, 0x40, 0x00, 0xE2, 0x00,
0x03, 0xF9, 0xB1, 0x08, 0x20, 0x00,
0x03, 0xF9, 0x80, 0x00, 0xE2, 0x00,
0x03, 0xF9, 0xF1, 0x08, 0x20, 0x00,
0x03, 0xF9, 0xC0, 0x00, 0xE2, 0x00,
0x03, 0xF9, 0xD1, 0x08, 0x20, 0x00,
0x00, 0x19, 0xF1, 0x08, 0x40, 0x08,
0x03, 0xF9, 0x80, 0x6F, 0x20, 0x00,
0x03, 0xF9, 0xC0, 0x6F, 0x34, 0x00,
0x03, 0xF9, 0xE0, 0x00, 0xE2, 0x00,
0x03, 0xF9, 0xA0, 0x00, 0xF2, 0x00,
0x03, 0xF9, 0x80, 0x71, 0x20, 0x00,
0x03, 0xF9, 0xC0, 0x71, 0x34, 0x00,
0x03, 0xF9, 0xE0, 0x00, 0xE2, 0x22,
0x03, 0xF9, 0xA0, 0x00, 0xF2, 0x22,
0x03, 0xFA, 0x31, 0x08, 0x20, 0x00,
0x03, 0xFA, 0x00, 0x00, 0xE2, 0x00,
0x03, 0xFA, 0x71, 0x08, 0x20, 0x00,
0x03, 0xFA, 0x40, 0x00, 0xE2, 0x00,
0x03, 0xFA, 0x51, 0x08, 0x20, 0x00,
0x00, 0x19, 0xF1, 0x08, 0x40, 0x08,
0x03, 0xFA, 0x00, 0x70, 0x20, 0x00,
0x03, 0xFA, 0x40, 0x70, 0x34, 0x00,
0x03, 0xFA, 0x60, 0x00, 0xE2, 0x00,
0x03, 0xFA, 0x20, 0x00, 0xF2, 0x00,
0x03, 0xFA, 0x00, 0x72, 0x20, 0x00,
0x03, 0xFA, 0x40, 0x72, 0x34, 0x00,
0x03, 0xFA, 0x60, 0x00, 0xE2, 0x22,
0x03, 0xFA, 0x20, 0x00, 0xF2, 0x22,
0x03, 0xF9, 0xF1, 0x08, 0x40, 0x00,
0x03, 0xFA, 0x71, 0x08, 0x20, 0x08,
0x00, 0x00, 0x00, 0x00, 0x00, 0x00,
0x03, 0xF9, 0xE0, 0x00, 0xE2, 0x22,
0x03, 0xF9, 0xA0, 0x00, 0xF2, 0x22,
0x03, 0xF9, 0xF1, 0x08, 0x20, 0x00,
0x00, 0x19, 0x60, 0x00, 0xE2, 0x00,
0x03, 0xFA, 0x71, 0x08, 0x20, 0x00,
0x00, 0x19, 0x80, 0x00, 0xE2, 0x00,
0x03, 0xF9, 0xF1, 0x08, 0x20, 0x00,
0x03, 0xFA, 0x71, 0x08, 0x22, 0x40,
0x00, 0x19, 0xA0, 0x00, 0xE2, 0x00,
0x00, 0x12, 0x51, 0x08, 0x20, 0x00,
0x07, 0xFF, 0xD1, 0x08, 0x30, 0x00,
0x00, 0x1A, 0xE0, 0x00, 0xE2, 0x00,
0x00, 0x1A, 0xB1, 0x08, 0x20, 0x00,
0x00, 0x1A, 0xA0, 0x73, 0x22, 0x40,
0x00, 0x1A, 0xE0, 0x73, 0x22, 0x00,
0x00, 0x1A, 0xC0, 0x00, 0xE2, 0x00,
0x00, 0x1A, 0x20, 0x00, 0xE2, 0x00,
0x03, 0xFA, 0xB1, 0x08, 0x20, 0x00,
0x03, 0xFA, 0x80, 0x00, 0xE2, 0x00,
0x03, 0xFA, 0xF1, 0x08, 0x20, 0x00,
0x03, 0xFA, 0xC0, 0x00, 0xE2, 0x00,
0x03, 0xFA, 0xD1, 0x08, 0x20, 0x00,
0x00, 0x1A, 0xD1, 0x08, 0x40, 0x08,
0x03, 0xFA, 0x80, 0x74, 0x20, 0x00,
0x03, 0xFA, 0xC0, 0x74, 0x34, 0x00,
0x03, 0xFA, 0xE0, 0x00, 0xE2, 0x00,
0x03, 0xFA, 0xA0, 0x00, 0xF2, 0x00,
0x03, 0xFA, 0x80, 0x76, 0x20, 0x00,
0x03, 0xFA, 0xC0, 0x76, 0x34, 0x00,
0x03, 0xFA, 0xE0, 0x00, 0xE2, 0x22,
0x03, 0xFA, 0xA0, 0x00, 0xF2, 0x22,
0x03, 0xFB, 0x31, 0x08, 0x20, 0x00,
0x03, 0xFB, 0x00, 0x00, 0xE2, 0x00,
0x03, 0xFB, 0x71, 0x08, 0x20, 0x00,
0x03, 0xFB, 0x40, 0x00, 0xE2, 0x00,
0x03, 0xFB, 0x51, 0x08, 0x20, 0x00,
0x00, 0x1A, 0xD1, 0x08, 0x40, 0x08,
0x03, 0xFB, 0x00, 0x75, 0x20, 0x00,
0x03, 0xFB, 0x40, 0x75, 0x34, 0x00,
0x03, 0xFB, 0x60, 0x00, 0xE2, 0x00,
0x03, 0xFB, 0x20, 0x00, 0xF2, 0x00,
0x03, 0xFB, 0x00, 0x77, 0x20, 0x00,
0x03, 0xFB, 0x40, 0x77, 0x34, 0x00,
0x03, 0xFB, 0x60, 0x00, 0xE2, 0x22,
0x03, 0xFB, 0x20, 0x00, 0xF2, 0x22,
0x03, 0xFA, 0xF1, 0x08, 0x40, 0x00,
0x03, 0xFB, 0x71, 0x08, 0x20, 0x08,
0x00, 0x00, 0x00, 0x00, 0x00, 0x00,
0x03, 0xFA, 0xE0, 0x00, 0xE2, 0x22,
0x03, 0xFA, 0xA0, 0x00, 0xF2, 0x22,
0x03, 0xFA, 0xF1, 0x08, 0x20, 0x00,
0x00, 0x1A, 0x40, 0x00, 0xE2, 0x00,
0x03, 0xFB, 0x71, 0x08, 0x20, 0x00,
0x00, 0x1A, 0x60, 0x00, 0xE2, 0x00,
0x03, 0xFA, 0xF1, 0x08, 0x20, 0x00,
0x03, 0xFB, 0x71, 0x08, 0x22, 0x40,
0x00, 0x1A, 0x80, 0x00, 0xE2, 0x00,
0x00, 0x11, 0x11, 0x08, 0x20, 0x00,
0x07, 0xFF, 0xD1, 0x08, 0x30, 0x00,
0x00, 0x1B, 0xC0, 0x00, 0xE2, 0x00,
0x00, 0x1B, 0x91, 0x08, 0x20, 0x00,
0x00, 0x1B, 0x80, 0x78, 0x22, 0x40,
0x00, 0x1B, 0xC0, 0x78, 0x22, 0x00,
0x00, 0x1B, 0xA0, 0x00, 0xE2, 0x00,
0x00, 0x1B, 0x00, 0x00, 0xE2, 0x00,
0x03, 0xFB, 0xB1, 0x08, 0x20, 0x00,
0x03, 0xFB, 0x80, 0x00, 0xE2, 0x00,
0x03, 0xFB, 0xF1, 0x08, 0x20, 0x00,
0x03, 0xFB, 0xC0, 0x00, 0xE2, 0x00,
0x03, 0xFB, 0xD1, 0x08, 0x20, 0x00,
0x00, 0x1B, 0xB1, 0x08, 0x40, 0x08,
0x03, 0xFB, 0x80, 0x79, 0x20, 0x00,
0x03, 0xFB, 0xC0, 0x79, 0x34, 0x00,
0x03, 0xFB, 0xE0, 0x00, 0xE2, 0x00,
0x03, 0xFB, 0xA0, 0x00, 0xF2, 0x00,
0x03, 0xFB, 0x80, 0x7B, 0x20, 0x00,
0x03, 0xFB, 0xC0, 0x7B, 0x34, 0x00,
0x03, 0xFB, 0xE0, 0x00, 0xE2, 0x22,
0x03, 0xFB, 0xA0, 0x00, 0xF2, 0x22,
0x03, 0xFC, 0x31, 0x08, 0x20, 0x00,
0x03, 0xFC, 0x00, 0x00, 0xE2, 0x00,
0x03, 0xFC, 0x71, 0x08, 0x20, 0x00,
0x03, 0xFC, 0x40, 0x00, 0xE2, 0x00,
0x03, 0xFC, 0x51, 0x08, 0x20, 0x00,
0x00, 0x1B, 0xB1, 0x08, 0x40, 0x08,
0x03, 0xFC, 0x00, 0x7A, 0x20, 0x00,
0x03, 0xFC, 0x40, 0x7A, 0x34, 0x00,
0x03, 0xFC, 0x60, 0x00, 0xE2, 0x00,
0x03, 0xFC, 0x20, 0x00, 0xF2, 0x00,
0x03, 0xFC, 0x00, 0x7C, 0x20, 0x00,
0x03, 0xFC, 0x40, 0x7C, 0x34, 0x00,
0x03, 0xFC, 0x60, 0x00, 0xE2, 0x22,
0x03, 0xFC, 0x20, 0x00, 0xF2, 0x22,
0x03, 0xFB, 0xF1, 0x08, 0x40, 0x00,
0x03, 0xFC, 0x71, 0x08, 0x20, 0x08,
0x00, 0x00, 0x00, 0x00, 0x00, 0x00,
0x03, 0xFB, 0xE0, 0x00, 0xE2, 0x22,
0x03, 0xFB, 0xA0, 0x00, 0xF2, 0x22,
0x03, 0xFB, 0xF1, 0x08, 0x20, 0x00,
0x00, 0x1B, 0x20, 0x00, 0xE2, 0x00,
0x03, 0xFC, 0x71, 0x08, 0x20, 0x00,
0x00, 0x1B, 0x40, 0x00, 0xE2, 0x00,
0x03, 0xFB, 0xF1, 0x08, 0x20, 0x00,
0x03, 0xFC, 0x71, 0x08, 0x22, 0x40,
0x00, 0x1B, 0x60, 0x00, 0xE2, 0x00,
0x07, 0xFF, 0xA0, 0x7D, 0x20, 0x00,
0x00, 0x1B, 0xF1, 0x08, 0x22, 0x40,
0x00, 0x22, 0x60, 0x00, 0xE2, 0x00,
0x00, 0x1C, 0x31, 0x08, 0x20, 0x00,
0x00, 0x1B, 0xF1, 0x08, 0x34, 0x00,
0x00, 0x22, 0x71, 0x14, 0x22, 0x00,
0x00, 0x1C, 0x00, 0x00, 0xE2, 0x00,
0x00, 0x1C, 0x00, 0x00, 0xC0, 0x00,
0x00, 0x1C, 0x40, 0x00, 0xF2, 0x00,
0x00, 0x07, 0x7F, 0xFF, 0x40, 0x00,
0x07, 0xFF, 0xA0, 0x7E, 0x20, 0x00,
0x00, 0x1C, 0x71, 0x08, 0x22, 0x40,
0x00, 0x22, 0x60, 0x00, 0xE2, 0x00,
0x00, 0x1C, 0xB1, 0x08, 0x20, 0x00,
0x00, 0x1C, 0x71, 0x08, 0x34, 0x00,
0x00, 0x22, 0x71, 0x14, 0x22, 0x00,
0x00, 0x1C, 0x80, 0x00, 0xE2, 0x00,
0x00, 0x1C, 0x80, 0x00, 0xC0, 0x00,
0x00, 0x1C, 0xC0, 0x00, 0xF2, 0x00,
0x00, 0x08, 0x3F, 0xFF, 0x44, 0x00,
0x07, 0xFF, 0xA0, 0x7F, 0x20, 0x00,
0x00, 0x1C, 0xF1, 0x08, 0x22, 0x40,
0x00, 0x22, 0x60, 0x00, 0xE2, 0x00,
0x00, 0x1D, 0x31, 0x08, 0x20, 0x00,
0x00, 0x1C, 0xF1, 0x08, 0x34, 0x00,
0x00, 0x22, 0x71, 0x14, 0x22, 0x00,
0x00, 0x1D, 0x00, 0x00, 0xE2, 0x00,
0x00, 0x1D, 0x00, 0x00, 0xC0, 0x00,
0x00, 0x1D, 0x40, 0x00, 0xF2, 0x00,
0x00, 0x08, 0xFF, 0xFF, 0x44, 0x00,
0x07, 0xFF, 0xA0, 0x80, 0x20, 0x00,
0x00, 0x1D, 0x71, 0x08, 0x22, 0x40,
0x00, 0x22, 0x60, 0x00, 0xE2, 0x00,
0x00, 0x1D, 0xB1, 0x08, 0x20, 0x00,
0x00, 0x1D, 0x71, 0x08, 0x34, 0x00,
0x00, 0x22, 0x71, 0x14, 0x22, 0x00,
0x00, 0x1D, 0x80, 0x00, 0xE2, 0x00,
0x00, 0x1D, 0x80, 0x00, 0xC0, 0x00,
0x00, 0x1D, 0xC0, 0x00, 0xF2, 0x00,
0x00, 0x09, 0xBF, 0xFF, 0x44, 0x00,
0x07, 0xFF, 0xA0, 0x81, 0x20, 0x00,
0x00, 0x1D, 0xF1, 0x08, 0x22, 0x40,
0x00, 0x22, 0x60, 0x00, 0xE2, 0x00,
0x00, 0x1E, 0x31, 0x08, 0x20, 0x00,
0x00, 0x1D, 0xF1, 0x08, 0x34, 0x00,
0x00, 0x22, 0x71, 0x14, 0x22, 0x00,
0x00, 0x1E, 0x00, 0x00, 0xE2, 0x00,
0x00, 0x1E, 0x00, 0x00, 0xC0, 0x00,
0x00, 0x1E, 0x40, 0x00, 0xF2, 0x00,
0x00, 0x0A, 0x7F, 0xFF, 0x44, 0x00,
0x07, 0xFF, 0xA0, 0x82, 0x20, 0x00,
0x00, 0x1E, 0x71, 0x08, 0x22, 0x40,
0x00, 0x22, 0x60, 0x00, 0xE2, 0x00,
0x00, 0x1E, 0xB1, 0x08, 0x20, 0x00,
0x00, 0x1E, 0x71, 0x08, 0x34, 0x00,
0x00, 0x22, 0x71, 0x14, 0x22, 0x00,
0x00, 0x1E, 0x80, 0x00, 0xE2, 0x00,
0x00, 0x1E, 0x80, 0x00, 0xC0, 0x00,
0x00, 0x1E, 0xC0, 0x00, 0xF2, 0x00,
0x00, 0x0B, 0x3F, 0xFF, 0x44, 0x00,
0x07, 0xFF, 0xA0, 0x83, 0x20, 0x00,
0x00, 0x1E, 0xF1, 0x08, 0x22, 0x40,
0x00, 0x22, 0x60, 0x00, 0xE2, 0x00,
0x00, 0x1F, 0x31, 0x08, 0x20, 0x00,
0x00, 0x1E, 0xF1, 0x08, 0x34, 0x00,
0x00, 0x22, 0x71, 0x14, 0x22, 0x00,
0x00, 0x1F, 0x00, 0x00, 0xE2, 0x00,
0x00, 0x1F, 0x00, 0x00, 0xC0, 0x00,
0x00, 0x1F, 0x40, 0x00, 0xF2, 0x00,
0x00, 0x0B, 0xFF, 0xFF, 0x44, 0x00,
0x07, 0xFF, 0xA0, 0x84, 0x20, 0x00,
0x00, 0x1F, 0x71, 0x08, 0x22, 0x40,
0x00, 0x22, 0x60, 0x00, 0xE2, 0x00,
0x00, 0x1F, 0xB1, 0x08, 0x20, 0x00,
0x00, 0x1F, 0x71, 0x08, 0x34, 0x00,
0x00, 0x22, 0x71, 0x14, 0x22, 0x00,
0x00, 0x1F, 0x80, 0x00, 0xE2, 0x00,
0x00, 0x1F, 0x80, 0x00, 0xC0, 0x00,
0x00, 0x1F, 0xC0, 0x00, 0xF2, 0x00,
0x00, 0x0C, 0xBF, 0xFF, 0x44, 0x00,
0x07, 0xFF, 0xA0, 0x85, 0x20, 0x00,
0x00, 0x1F, 0xF1, 0x08, 0x22, 0x40,
0x00, 0x22, 0x60, 0x00, 0xE2, 0x00,
0x00, 0x20, 0x31, 0x08, 0x20, 0x00,
0x00, 0x1F, 0xF1, 0x08, 0x34, 0x00,
0x00, 0x22, 0x71, 0x14, 0x22, 0x00,
0x00, 0x20, 0x00, 0x00, 0xE2, 0x00,
0x00, 0x20, 0x00, 0x00, 0xC0, 0x00,
0x00, 0x20, 0x40, 0x00, 0xF2, 0x00,
0x00, 0x0D, 0x7F, 0xFF, 0x44, 0x00,
0x07, 0xFF, 0xA0, 0x86, 0x20, 0x00,
0x00, 0x20, 0x71, 0x08, 0x22, 0x40,
0x00, 0x22, 0x60, 0x00, 0xE2, 0x00,
0x00, 0x20, 0xB1, 0x08, 0x20, 0x00,
0x00, 0x20, 0x71, 0x08, 0x34, 0x00,
0x00, 0x22, 0x71, 0x14, 0x22, 0x00,
0x00, 0x20, 0x80, 0x00, 0xE2, 0x00,
0x00, 0x20, 0x80, 0x00, 0xC0, 0x00,
0x00, 0x20, 0xC0, 0x00, 0xF2, 0x00,
0x00, 0x0E, 0x3F, 0xFF, 0x44, 0x00,
0x07, 0xFF, 0xA0, 0x87, 0x20, 0x00,
0x00, 0x20, 0xF1, 0x08, 0x22, 0x40,
0x00, 0x22, 0x60, 0x00, 0xE2, 0x00,
0x00, 0x21, 0x31, 0x08, 0x20, 0x00,
0x00, 0x20, 0xF1, 0x08, 0x34, 0x00,
0x00, 0x22, 0x71, 0x14, 0x22, 0x00,
0x00, 0x21, 0x00, 0x00, 0xE2, 0x00,
0x00, 0x21, 0x00, 0x00, 0xC0, 0x00,
0x00, 0x21, 0x40, 0x00, 0xF2, 0x00,
0x00, 0x0E, 0xFF, 0xFF, 0x44, 0x00,
0x07, 0xFF, 0xA0, 0x88, 0x20, 0x00,
0x00, 0x21, 0x71, 0x08, 0x22, 0x40,
0x00, 0x22, 0x60, 0x00, 0xE2, 0x00,
0x00, 0x21, 0xB1, 0x08, 0x20, 0x00,
0x00, 0x21, 0x71, 0x08, 0x34, 0x00,
0x00, 0x22, 0x71, 0x14, 0x22, 0x00,
0x00, 0x21, 0x80, 0x00, 0xE2, 0x00,
0x00, 0x21, 0x80, 0x00, 0xC0, 0x00,
0x00, 0x21, 0xC0, 0x00, 0xF2, 0x00,
0x00, 0x13, 0x3F, 0xFF, 0x44, 0x00,
0x07, 0xFF, 0xA0, 0x89, 0x20, 0x00,
0x00, 0x21, 0xF1, 0x08, 0x22, 0x40,
0x00, 0x22, 0x60, 0x00, 0xE2, 0x00,
0x00, 0x22, 0x31, 0x08, 0x20, 0x00,
0x00, 0x21, 0xF1, 0x08, 0x34, 0x00,
0x00, 0x22, 0x71, 0x14, 0x22, 0x00,
0x00, 0x22, 0x00, 0x00, 0xE2, 0x00,
0x00, 0x22, 0x00, 0x00, 0xC0, 0x00,
0x00, 0x22, 0x40, 0x00, 0xF2, 0x00,
0x00, 0x12, 0x7F, 0xFF, 0x44, 0x00,
0x00, 0x22, 0x80, 0x00, 0xE4, 0x00,
0x00, 0x18, 0xD1, 0x08, 0x20, 0x00,
0x00, 0x00, 0x00, 0x00, 0x00, 0x00,
0x00, 0x22, 0xC0, 0x00, 0xF0, 0x00,
0x07, 0xFF, 0xA0, 0x8C, 0x30, 0x48,
0x07, 0xFF, 0xB1, 0x04, 0x20, 0x00,
0x00, 0x22, 0xE0, 0x8A, 0x20, 0x27,
0x00, 0x23, 0x00, 0x00, 0xE2, 0x00,
0x07, 0xFF, 0xA0, 0x8B, 0x22, 0x48,
0x07, 0xFF, 0xD1, 0x08, 0x20, 0x00,
0x07, 0xFF, 0xB1, 0x08, 0x20, 0x27,
0x00, 0x22, 0xA0, 0x00, 0xE2, 0x00,
0x00, 0x19, 0xB1, 0x08, 0x20, 0x00,
0x00, 0x00, 0x00, 0x00, 0x00, 0x00,
0x00, 0x23, 0x40, 0x00, 0xF0, 0x00,
0x07, 0xFF, 0xA0, 0x8F, 0x30, 0x48,
0x07, 0xFF, 0xB1, 0x04, 0x20, 0x00,
0x00, 0x23, 0x60, 0x8D, 0x20, 0x27,
0x00, 0x23, 0x80, 0x00, 0xE2, 0x00,
0x07, 0xFF, 0xA0, 0x8E, 0x22, 0x48,
0x07, 0xFF, 0xD1, 0x08, 0x20, 0x00,
0x07, 0xFF, 0xB1, 0x08, 0x20, 0x27,
0x00, 0x23, 0x20, 0x00, 0xE2, 0x00,
0x00, 0x1A, 0x91, 0x08, 0x20, 0x00,
0x00, 0x00, 0x00, 0x00, 0x00, 0x00,
0x00, 0x23, 0xC0, 0x00, 0xF0, 0x00,
0x07, 0xFF, 0xA0, 0x92, 0x30, 0x48,
0x07, 0xFF, 0xB1, 0x04, 0x20, 0x00,
0x00, 0x23, 0xE0, 0x90, 0x20, 0x27,
0x00, 0x24, 0x00, 0x00, 0xE2, 0x00,
0x07, 0xFF, 0xA0, 0x91, 0x22, 0x48,
0x07, 0xFF, 0xD1, 0x08, 0x20, 0x00,
0x07, 0xFF, 0xB1, 0x08, 0x20, 0x27,
0x00, 0x23, 0xA0, 0x00, 0xE2, 0x00,
0x00, 0x1B, 0x71, 0x08, 0x20, 0x00,
0x00, 0x00, 0x00, 0x00, 0x00, 0x00,
0x00, 0x24, 0x40, 0x00, 0xF0, 0x00,
0x07, 0xFF, 0xA0, 0x95, 0x30, 0x48,
0x07, 0xFF, 0xB1, 0x04, 0x20, 0x00,
0x00, 0x24, 0x60, 0x93, 0x20, 0x27,
0x00, 0x24, 0x80, 0x00, 0xE2, 0x00,
0x07, 0xFF, 0xA0, 0x94, 0x22, 0x48,
0x07, 0xFF, 0xD1, 0x08, 0x20, 0x00,
0x07, 0xFF, 0xB1, 0x08, 0x20, 0x27,
0x00, 0x24, 0x20, 0x00, 0xE2, 0x00,
0x00, 0x14, 0xA0, 0x00, 0xC0, 0x00,
0x00, 0x14, 0xB1, 0x08, 0x20, 0x00,
0x00, 0x25, 0x20, 0x00, 0xE2, 0x00,
0x07, 0xFE, 0xE0, 0x9B, 0x02, 0x00,
0x07, 0xFE, 0xE0, 0x9C, 0x12, 0x00,
0x00, 0x14, 0xBF, 0xFF, 0x20, 0x00,
0x00, 0x10, 0x20, 0x00, 0xE2, 0x00,
0x00, 0x10, 0x40, 0x00, 0xF2, 0x00,
0x00, 0x24, 0xF1, 0x08, 0x20, 0x00,
0x00, 0x24, 0xE0, 0x96, 0x22, 0x40,
0x00, 0x10, 0x40, 0x96, 0x22, 0x00,
0x00, 0x24, 0xB1, 0x08, 0x34, 0x00,
0x00, 0x24, 0xA0, 0x96, 0x22, 0x40,
0x00, 0x10, 0x20, 0x96, 0x22, 0x00,
0x00, 0x24, 0xC0, 0x00, 0xE2, 0x00,
0x00, 0x25, 0x00, 0x00, 0xF2, 0x00,
0x07, 0xFE, 0xE0, 0x99, 0x02, 0x00,
0x07, 0xFE, 0xE0, 0x9A, 0x12, 0x00,
0x00, 0x22, 0x80, 0x00, 0xC0, 0x00,
0x00, 0x22, 0x91, 0x08, 0x20, 0x00,
0x00, 0x25, 0xC0, 0x00, 0xE2, 0x00,
0x07, 0xFE, 0xE0, 0xA2, 0x02, 0x00,
0x07, 0xFE, 0xE0, 0xA3, 0x12, 0x00,
0x00, 0x22, 0x9F, 0xFF, 0x20, 0x00,
0x00, 0x10, 0x20, 0x00, 0xE2, 0x00,
0x00, 0x10, 0x40, 0x00, 0xF2, 0x00,
0x00, 0x25, 0x91, 0x08, 0x20, 0x00,
0x00, 0x25, 0x80, 0x9D, 0x22, 0x40,
0x00, 0x10, 0x40, 0x9D, 0x22, 0x00,
0x00, 0x25, 0x51, 0x08, 0x34, 0x00,
0x00, 0x25, 0x40, 0x9D, 0x22, 0x40,
0x00, 0x10, 0x20, 0x9D, 0x22, 0x00,
0x00, 0x25, 0x60, 0x00, 0xE2, 0x00,
0x00, 0x25, 0xA0, 0x00, 0xF2, 0x00,
0x07, 0xFE, 0xE0, 0xA0, 0x02, 0x00,
0x07, 0xFE, 0xE0, 0xA1, 0x12, 0x00,
0x00, 0x22, 0xB1, 0x08, 0x20, 0x00,
0x07, 0xFE, 0xF2, 0x43, 0x02, 0x00,
0x00, 0x23, 0x31, 0x08, 0x20, 0x00,
0x07, 0xFE, 0xF2, 0x44, 0x02, 0x00,
0x00, 0x23, 0xB1, 0x08, 0x20, 0x00,
0x07, 0xFE, 0xF2, 0x45, 0x02, 0x00,
0x00, 0x24, 0x31, 0x08, 0x20, 0x00,
0x07, 0xFE, 0xF2, 0x46, 0x02, 0x00,
0x03, 0xFC, 0x80, 0xA6, 0x20, 0x00,
0x03, 0xFC, 0x80, 0xA5, 0x34, 0x00,
0x03, 0xFC, 0xA0, 0xA4, 0x22, 0x00,
0x07, 0xFE, 0xE0, 0xA5, 0x02, 0x00,
0x07, 0xFE, 0xE0, 0xA6, 0x12, 0x00,
0x00, 0x08, 0xE0, 0xA5, 0x20, 0x00,
0x00, 0x25, 0xE0, 0x00, 0xE2, 0x00,
0x00, 0x25, 0x31, 0x08, 0x20, 0x00,
0x07, 0xFF, 0xD1, 0x08, 0x30, 0x00,
0x00, 0x26, 0xC0, 0x00, 0xE2, 0x00,
0x00, 0x26, 0x91, 0x08, 0x20, 0x00,
0x00, 0x26, 0x80, 0xA7, 0x22, 0x40,
0x00, 0x26, 0xC0, 0xA7, 0x22, 0x00,
0x00, 0x26, 0xA0, 0x00, 0xE2, 0x00,
0x00, 0x26, 0x00, 0x00, 0xE2, 0x00,
0x03, 0xFC, 0xF1, 0x08, 0x20, 0x00,
0x03, 0xFC, 0xC0, 0x00, 0xE2, 0x00,
0x03, 0xFD, 0x31, 0x08, 0x20, 0x00,
0x03, 0xFD, 0x00, 0x00, 0xE2, 0x00,
0x03, 0xFD, 0x11, 0x08, 0x20, 0x00,
0x00, 0x26, 0xB1, 0x08, 0x40, 0x08,
0x03, 0xFC, 0xC0, 0xA8, 0x20, 0x00,
0x03, 0xFD, 0x00, 0xA8, 0x34, 0x00,
0x03, 0xFD, 0x20, 0x00, 0xE2, 0x00,
0x03, 0xFC, 0xE0, 0x00, 0xF2, 0x00,
0x03, 0xFC, 0xC0, 0xAA, 0x20, 0x00,
0x03, 0xFD, 0x00, 0xAA, 0x34, 0x00,
0x03, 0xFD, 0x20, 0x00, 0xE2, 0x22,
0x03, 0xFC, 0xE0, 0x00, 0xF2, 0x22,
0x03, 0xFD, 0x71, 0x08, 0x20, 0x00,
0x03, 0xFD, 0x40, 0x00, 0xE2, 0x00,
0x03, 0xFD, 0xB1, 0x08, 0x20, 0x00,
0x03, 0xFD, 0x80, 0x00, 0xE2, 0x00,
0x03, 0xFD, 0x91, 0x08, 0x20, 0x00,
0x00, 0x26, 0xB1, 0x08, 0x40, 0x08,
0x03, 0xFD, 0x40, 0xA9, 0x20, 0x00,
0x03, 0xFD, 0x80, 0xA9, 0x34, 0x00,
0x03, 0xFD, 0xA0, 0x00, 0xE2, 0x00,
0x03, 0xFD, 0x60, 0x00, 0xF2, 0x00,
0x03, 0xFD, 0x40, 0xAB, 0x20, 0x00,
0x03, 0xFD, 0x80, 0xAB, 0x34, 0x00,
0x03, 0xFD, 0xA0, 0x00, 0xE2, 0x22,
0x03, 0xFD, 0x60, 0x00, 0xF2, 0x22,
0x03, 0xFD, 0x31, 0x08, 0x40, 0x00,
0x03, 0xFD, 0xB1, 0x08, 0x20, 0x08,
0x00, 0x00, 0x00, 0x00, 0x00, 0x00,
0x03, 0xFD, 0x20, 0x00, 0xE2, 0x22,
0x03, 0xFC, 0xE0, 0x00, 0xF2, 0x22,
0x03, 0xFD, 0x31, 0x08, 0x20, 0x00,
0x00, 0x26, 0x20, 0x00, 0xE2, 0x00,
0x03, 0xFD, 0xB1, 0x08, 0x20, 0x00,
0x00, 0x26, 0x40, 0x00, 0xE2, 0x00,
0x03, 0xFD, 0x31, 0x08, 0x20, 0x00,
0x03, 0xFD, 0xB1, 0x08, 0x22, 0x40,
0x00, 0x26, 0x60, 0x00, 0xE2, 0x00,
0x07, 0xFF, 0xA0, 0xAC, 0x20, 0x00,
0x00, 0x27, 0x11, 0x08, 0x22, 0x40,
0x00, 0x27, 0x80, 0x00, 0xE2, 0x00,
0x00, 0x27, 0x51, 0x08, 0x20, 0x00,
0x00, 0x27, 0x11, 0x08, 0x34, 0x00,
0x00, 0x27, 0x80, 0xAD, 0x22, 0x00,
0x00, 0x27, 0x20, 0x00, 0xE2, 0x00,
0x00, 0x27, 0x20, 0x00, 0xC0, 0x00,
0x00, 0x27, 0x60, 0x00, 0xF2, 0x00,
0x00, 0x00, 0x00, 0x00, 0x00, 0x00,
0x00, 0x25, 0x3F, 0xFF, 0x20, 0x00,
0x00, 0x26, 0xE0, 0x00, 0xE2, 0x00,
0x00, 0x00, 0x00, 0x00, 0x00, 0x00,
0x07, 0xFF, 0xA0, 0xAE, 0x20, 0x00,
0x00, 0x27, 0xB1, 0x08, 0x22, 0x40,
0x00, 0x29, 0x20, 0x00, 0xE2, 0x00,
0x00, 0x27, 0xF1, 0x08, 0x20, 0x00,
0x00, 0x27, 0xB1, 0x08, 0x34, 0x00,
0x00, 0x29, 0x31, 0x14, 0x22, 0x00,
0x00, 0x27, 0xC0, 0x00, 0xE2, 0x00,
0x00, 0x27, 0xC0, 0x00, 0xC0, 0x00,
0x00, 0x28, 0x00, 0x00, 0xF2, 0x00,
0x00, 0x25, 0xDF, 0xFF, 0x20, 0x00,
0x00, 0x29, 0x40, 0x00, 0xE2, 0x00,
0x07, 0xFF, 0xA0, 0xAF, 0x20, 0x00,
0x00, 0x28, 0x31, 0x08, 0x22, 0x40,
0x00, 0x29, 0x20, 0x00, 0xE2, 0x00,
0x00, 0x28, 0x71, 0x08, 0x20, 0x00,
0x00, 0x28, 0x31, 0x08, 0x34, 0x00,
0x00, 0x29, 0x31, 0x14, 0x22, 0x00,
0x00, 0x28, 0x40, 0x00, 0xE2, 0x00,
0x00, 0x28, 0x40, 0x00, 0xC0, 0x00,
0x00, 0x28, 0x80, 0x00, 0xF2, 0x00,
0x00, 0x25, 0xDF, 0xFF, 0x20, 0x00,
0x00, 0x29, 0x60, 0x00, 0xE2, 0x00,
0x07, 0xFF, 0xA0, 0xB0, 0x20, 0x00,
0x00, 0x28, 0xB1, 0x08, 0x22, 0x40,
0x00, 0x29, 0x20, 0x00, 0xE2, 0x00,
0x00, 0x28, 0xF1, 0x08, 0x20, 0x00,
0x00, 0x28, 0xB1, 0x08, 0x34, 0x00,
0x00, 0x29, 0x31, 0x14, 0x22, 0x00,
0x00, 0x28, 0xC0, 0x00, 0xE2, 0x00,
0x00, 0x28, 0xC0, 0x00, 0xC0, 0x00,
0x00, 0x29, 0x00, 0x00, 0xF2, 0x00,
0x00, 0x25, 0xDF, 0xFF, 0x20, 0x00,
0x00, 0x2D, 0xA0, 0x00, 0xE2, 0x00,
0x06, 0x06, 0x00, 0xC9, 0x00, 0x00,
0x00, 0x29, 0x60, 0xCA, 0x20, 0x00,
0x00, 0x29, 0xC0, 0x00, 0xE2, 0x00,
0x00, 0x29, 0x71, 0x08, 0x20, 0x00,
0x00, 0x2B, 0xA0, 0x00, 0xE2, 0x00,
0x06, 0x03, 0xC0, 0x00, 0x00, 0x00,
0x06, 0x04, 0x00, 0x00, 0x00, 0x00,
0x06, 0x05, 0x00, 0xC6, 0x00, 0x00,
0x06, 0x05, 0xA0, 0xC8, 0x00, 0x00,
0x06, 0x03, 0x4B, 0x75, 0x00, 0x00,
0x00, 0x00, 0x00, 0x00, 0x00, 0x00,
0x00, 0x2D, 0x40, 0x00, 0xE2, 0x00,
0x06, 0x05, 0x00, 0xC5, 0x00, 0x00,
0x06, 0x05, 0xA0, 0xC7, 0x00, 0x00,
0x06, 0x03, 0x4B, 0x75, 0x00, 0x00,
0x00, 0x00, 0x00, 0x00, 0x00, 0x00,
0x00, 0x2D, 0x51, 0x08, 0x42, 0x00,
0x00, 0x36, 0x40, 0x00, 0xE4, 0x00,
0x00, 0x2D, 0x51, 0x08, 0x42, 0x40,
0x00, 0x36, 0xA0, 0x00, 0xE4, 0x00,
0x00, 0x2E, 0x40, 0xCE, 0x20, 0x00,
0x00, 0x2E, 0x20, 0xCF, 0x22, 0x00,
0x00, 0x2D, 0xE0, 0xCE, 0x34, 0x00,
0x00, 0x2D, 0xC0, 0xCF, 0x22, 0x00,
0x00, 0x2D, 0xA0, 0xCB, 0x22, 0x00,
0x00, 0x2D, 0x80, 0xCC, 0x22, 0x00,
0x00, 0x2D, 0x60, 0xCD, 0x22, 0x00,
0x00, 0x2E, 0x00, 0x00, 0xE2, 0x00,
0x00, 0x2E, 0x60, 0x00, 0xF2, 0x00,
0x00, 0x2F, 0x00, 0xD3, 0x20, 0x00,
0x00, 0x2E, 0xE0, 0xD4, 0x22, 0x00,
0x00, 0x2E, 0xA0, 0xD3, 0x34, 0x00,
0x00, 0x2E, 0x80, 0xD4, 0x22, 0x00,
0x00, 0x2E, 0x00, 0xD0, 0x22, 0x00,
0x00, 0x2D, 0xE0, 0xD1, 0x22, 0x00,
0x00, 0x2D, 0xC0, 0xD2, 0x22, 0x00,
0x00, 0x2E, 0xC0, 0x00, 0xE2, 0x00,
0x00, 0x2F, 0x20, 0x00, 0xF2, 0x00,
0x00, 0x2F, 0xC0, 0xD8, 0x20, 0x00,
0x00, 0x2F, 0xA0, 0xD9, 0x22, 0x00,
0x00, 0x2F, 0x60, 0xD8, 0x34, 0x00,
0x00, 0x2F, 0x40, 0xD9, 0x22, 0x00,
0x00, 0x2E, 0xC0, 0xD5, 0x22, 0x00,
0x00, 0x2E, 0xA0, 0xD6, 0x22, 0x00,
0x00, 0x2E, 0x80, 0xD7, 0x22, 0x00,
0x00, 0x2F, 0x80, 0x00, 0xE2, 0x00,
0x00, 0x2F, 0xE0, 0x00, 0xF2, 0x00,
0x00, 0x30, 0x80, 0xDD, 0x20, 0x00,
0x00, 0x30, 0x60, 0xDE, 0x22, 0x00,
0x00, 0x30, 0x20, 0xDD, 0x34, 0x00,
0x00, 0x30, 0x00, 0xDE, 0x22, 0x00,
0x00, 0x2F, 0x80, 0xDA, 0x22, 0x00,
0x00, 0x2F, 0x60, 0xDB, 0x22, 0x00,
0x00, 0x2F, 0x40, 0xDC, 0x22, 0x00,
0x00, 0x30, 0x40, 0x00, 0xE2, 0x00,
0x00, 0x30, 0xA0, 0x00, 0xF2, 0x00,
0x00, 0x31, 0x40, 0xE2, 0x20, 0x00,
0x00, 0x31, 0x20, 0xE3, 0x22, 0x00,
0x00, 0x30, 0xE0, 0xE2, 0x34, 0x00,
0x00, 0x30, 0xC0, 0xE3, 0x22, 0x00,
0x00, 0x30, 0x40, 0xDF, 0x22, 0x00,
0x00, 0x30, 0x20, 0xE0, 0x22, 0x00,
0x00, 0x30, 0x00, 0xE1, 0x22, 0x00,
0x00, 0x31, 0x00, 0x00, 0xE2, 0x00,
0x00, 0x31, 0x60, 0x00, 0xF2, 0x00,
0x00, 0x32, 0x00, 0xE7, 0x20, 0x00,
0x00, 0x31, 0xE0, 0xE8, 0x22, 0x00,
0x00, 0x31, 0xA0, 0xE7, 0x34, 0x00,
0x00, 0x31, 0x80, 0xE8, 0x22, 0x00,
0x00, 0x31, 0x00, 0xE4, 0x22, 0x00,
0x00, 0x30, 0xE0, 0xE5, 0x22, 0x00,
0x00, 0x30, 0xC0, 0xE6, 0x22, 0x00,
0x00, 0x31, 0xC0, 0x00, 0xE2, 0x00,
0x00, 0x32, 0x20, 0x00, 0xF2, 0x00,
0x00, 0x32, 0xC0, 0xEC, 0x20, 0x00,
0x00, 0x32, 0xA0, 0xED, 0x22, 0x00,
0x00, 0x32, 0x60, 0xEC, 0x34, 0x00,
0x00, 0x32, 0x40, 0xED, 0x22, 0x00,
0x00, 0x31, 0xC0, 0xE9, 0x22, 0x00,
0x00, 0x31, 0xA0, 0xEA, 0x22, 0x00,
0x00, 0x31, 0x80, 0xEB, 0x22, 0x00,
0x00, 0x32, 0x80, 0x00, 0xE2, 0x00,
0x00, 0x32, 0xE0, 0x00, 0xF2, 0x00,
0x00, 0x33, 0x80, 0xF1, 0x20, 0x00,
0x00, 0x33, 0x60, 0xF2, 0x22, 0x00,
0x00, 0x33, 0x20, 0xF1, 0x34, 0x00,
0x00, 0x33, 0x00, 0xF2, 0x22, 0x00,
0x00, 0x32, 0x80, 0xEE, 0x22, 0x00,
0x00, 0x32, 0x60, 0xEF, 0x22, 0x00,
0x00, 0x32, 0x40, 0xF0, 0x22, 0x00,
0x00, 0x33, 0x40, 0x00, 0xE2, 0x00,
0x00, 0x33, 0xA0, 0x00, 0xF2, 0x00,
0x00, 0x34, 0x40, 0xF6, 0x20, 0x00,
0x00, 0x34, 0x20, 0xF7, 0x22, 0x00,
0x00, 0x33, 0xE0, 0xF6, 0x34, 0x00,
0x00, 0x33, 0xC0, 0xF7, 0x22, 0x00,
0x00, 0x33, 0x40, 0xF3, 0x22, 0x00,
0x00, 0x33, 0x20, 0xF4, 0x22, 0x00,
0x00, 0x33, 0x00, 0xF5, 0x22, 0x00,
0x00, 0x34, 0x00, 0x00, 0xE2, 0x00,
0x00, 0x34, 0x60, 0x00, 0xF2, 0x00,
0x00, 0x35, 0x00, 0xFB, 0x20, 0x00,
0x00, 0x34, 0xE0, 0xFC, 0x22, 0x00,
0x00, 0x34, 0xA0, 0xFB, 0x34, 0x00,
0x00, 0x34, 0x80, 0xFC, 0x22, 0x00,
0x00, 0x34, 0x00, 0xF8, 0x22, 0x00,
0x00, 0x33, 0xE0, 0xF9, 0x22, 0x00,
0x00, 0x33, 0xC0, 0xFA, 0x22, 0x00,
0x00, 0x34, 0xC0, 0x00, 0xE2, 0x00,
0x00, 0x35, 0x20, 0x00, 0xF2, 0x00,
0x00, 0x35, 0xC1, 0x00, 0x20, 0x00,
0x00, 0x35, 0xA1, 0x01, 0x22, 0x00,
0x00, 0x35, 0x61, 0x00, 0x34, 0x00,
0x00, 0x35, 0x41, 0x01, 0x22, 0x00,
0x00, 0x34, 0xC0, 0xFD, 0x22, 0x00,
0x00, 0x34, 0xA0, 0xFE, 0x22, 0x00,
0x00, 0x34, 0x80, 0xFF, 0x22, 0x00,
0x00, 0x35, 0x80, 0x00, 0xE2, 0x00,
0x00, 0x35, 0xE0, 0x00, 0xF2, 0x00,
0x00, 0x26, 0xF1, 0x08, 0x20, 0x00,
0x04, 0x18, 0x00, 0x00, 0xE2, 0x00,
0x00, 0x36, 0x51, 0x08, 0x20, 0x00,
0x00, 0x36, 0xB1, 0x08, 0x22, 0x40,
0x01, 0x9F, 0x01, 0x19, 0x42, 0x00,
0x00, 0x00, 0x01, 0x09, 0xA0, 0x00,
0x00, 0x00, 0x00, 0x00, 0x00, 0x00,
0x00, 0x00, 0x00, 0x00, 0x00, 0x00,
0x00, 0x36, 0xE0, 0x00, 0xE4, 0x80,
0x00, 0x00, 0x00, 0x00, 0x00, 0x00,
0x00, 0x36, 0xF1, 0x08, 0x20, 0x00,
0x01, 0xA0, 0x40, 0x00, 0xE2, 0x00,
0x01, 0x9F, 0x01, 0x0A, 0x60, 0x40,
0x01, 0xA0, 0x41, 0x0B, 0x66, 0x00,
0x01, 0xA0, 0x21, 0x0C, 0x66, 0x00,
0x01, 0x9F, 0x20, 0x00, 0xE6, 0x00,
0x01, 0xA1, 0x01, 0x0D, 0x20, 0x40,
0x01, 0xA0, 0xE1, 0x0E, 0x22, 0x40,
0x00, 0x36, 0x41, 0x0F, 0x22, 0x00,
0x00, 0x36, 0x21, 0x10, 0x22, 0x00,
0x00, 0x36, 0x01, 0x11, 0x22, 0x00,
0x01, 0xA1, 0x20, 0x00, 0xE2, 0x00,
0x01, 0xA1, 0x61, 0x0D, 0x40, 0x40,
0x01, 0xA1, 0x41, 0x0E, 0x44, 0x40,
0x00, 0x36, 0xA1, 0x0F, 0x44, 0x00,
0x00, 0x36, 0x81, 0x10, 0x44, 0x00,
0x00, 0x36, 0x61, 0x11, 0x44, 0x00,
0x01, 0xA1, 0x80, 0x00, 0xE4, 0x00,
0x00, 0x36, 0x51, 0x08, 0x20, 0x00,
0x01, 0xA1, 0x81, 0x18, 0x22, 0x40,
0x01, 0xA0, 0xA0, 0x00, 0xE2, 0x00,
0x00, 0x36, 0xB1, 0x08, 0x60, 0x00,
0x01, 0xA1, 0x21, 0x18, 0x66, 0x40,
0x01, 0xA0, 0xC0, 0x00, 0xE6, 0x00,
0x01, 0xE4, 0x91, 0x08, 0x20, 0x08,
0x00, 0x00, 0x00, 0x00, 0x00, 0x00,
0x07, 0xFF, 0xA1, 0x15, 0x20, 0x27,
0x07, 0xFF, 0xB1, 0x1F, 0x22, 0x40,
0x01, 0xE4, 0xA0, 0x00, 0xE2, 0x00,
0x01, 0xE5, 0x11, 0x08, 0x60, 0x00,
0x07, 0xFF, 0xA1, 0x1B, 0x60, 0x27,
0x07, 0xFF, 0xA1, 0x16, 0x66, 0x40,
0x01, 0xE5, 0x20, 0x00, 0xE6, 0x00,
0x01, 0xE4, 0xD1, 0x08, 0x20, 0x08,
0x00, 0x00, 0x00, 0x00, 0x00, 0x00,
0x07, 0xFF, 0xA1, 0x1C, 0x20, 0x27,
0x01, 0xE4, 0xE0, 0x00, 0xE2, 0x00,
0x01, 0xE4, 0xF1, 0x08, 0x20, 0x00,
0x07, 0xFF, 0xB1, 0x08, 0x40, 0x08,
0x07, 0xFF, 0xB1, 0x08, 0x60, 0x00,
0x07, 0xFF, 0xD1, 0x08, 0x60, 0x24,
0x01, 0xA2, 0x40, 0x00, 0xE6, 0x00,
0x07, 0xFF, 0xB1, 0x07, 0x40, 0x08,
0x07, 0xFF, 0xB1, 0x08, 0x60, 0x00,
0x07, 0xFF, 0xD1, 0x08, 0x60, 0x24,
0x01, 0xA2, 0x20, 0x00, 0xE6, 0x00,
0x07, 0xFF, 0xB1, 0x08, 0x44, 0x08,
0x07, 0xFF, 0xB1, 0x08, 0x60, 0x00,
0x07, 0xFF, 0xD1, 0x08, 0x60, 0x24,
0x01, 0xA2, 0x00, 0x00, 0xE6, 0x00,
0x07, 0xFF, 0xB1, 0x06, 0x40, 0x08,
0x07, 0xFF, 0xB1, 0x08, 0x60, 0x00,
0x07, 0xFF, 0xD1, 0x08, 0x60, 0x24,
0x01, 0xA1, 0xE0, 0x00, 0xE6, 0x00,
0x07, 0xFF, 0xB1, 0x08, 0x44, 0x08,
0x07, 0xFF, 0xB1, 0x08, 0x60, 0x00,
0x07, 0xFF, 0xD1, 0x08, 0x60, 0x24,
0x01, 0xA1, 0xC0, 0x00, 0xE6, 0x00,
0x07, 0xFF, 0xB1, 0x08, 0x44, 0x08,
0x07, 0xFF, 0xB1, 0x08, 0x60, 0x00,
0x07, 0xFF, 0xD1, 0x08, 0x60, 0x24,
0x01, 0xA1, 0xA0, 0x00, 0xE6, 0x00,
0x01, 0xE5, 0x20, 0x00, 0xC0, 0x00,
0x01, 0xE5, 0x3F, 0xFF, 0x20, 0x00,
0x01, 0xE5, 0x40, 0x00, 0xE2, 0x00,
0x01, 0xE5, 0x51, 0x07, 0x40, 0x40,
0x07, 0xFF, 0xB1, 0x08, 0x64, 0x00,
0x01, 0xE5, 0x31, 0x08, 0x20, 0x08,
0x00, 0x00, 0x00, 0x00, 0x00, 0x00,
0x07, 0xFF, 0xB1, 0x08, 0x60, 0x27,
0x01, 0xE5, 0x80, 0x00, 0xE6, 0x00,
0x01, 0xE5, 0x21, 0x1D, 0x44, 0x00,
0x07, 0xFF, 0xD1, 0x08, 0x40, 0x27,
0x01, 0xE5, 0x60, 0x00, 0xE4, 0x00,
0x00, 0x00, 0x01, 0x08, 0xA0, 0x00,
0x01, 0xA0, 0x51, 0x08, 0x20, 0x00,
0x00, 0x00, 0x00, 0x00, 0x00, 0x00,
0x01, 0xA2, 0x60, 0x00, 0xE2, 0x80,
0x00, 0x00, 0x01, 0x02, 0xA0, 0x00,
0x01, 0xE5, 0x60, 0x00, 0xC0, 0x00,
0x00, 0x00, 0x00, 0x00, 0x00, 0x00,
0x01, 0xA2, 0x7F, 0xFF, 0x20, 0x80,
0x00, 0x00, 0x01, 0x03, 0xA0, 0x00,
0x01, 0xE5, 0x80, 0x00, 0xC0, 0x00,
0x00, 0x00, 0x00, 0x00, 0x00, 0x00,
0x01, 0xA2, 0x7F, 0xFF, 0x22, 0x80,
0x00, 0x36, 0xC0, 0x00, 0xE2, 0x00,
0x01, 0xA1, 0xA0, 0x00, 0xC0, 0x00,
0x00, 0x36, 0xDF, 0xFF, 0x60, 0x00,
0x00, 0x00, 0x01, 0x03, 0xA0, 0x00,
0x01, 0xE5, 0x60, 0x00, 0xC0, 0x00,
0x00, 0x00, 0x00, 0x00, 0x00, 0x00,
0x01, 0xA2, 0x7F, 0xFF, 0x20, 0x80,
0x00, 0x00, 0x01, 0x04, 0xA0, 0x00,
0x01, 0xE5, 0x80, 0x00, 0xC0, 0x00,
0x00, 0x00, 0x00, 0x00, 0x00, 0x00,
0x01, 0xA2, 0x7F, 0xFF, 0x22, 0x80,
0x00, 0x36, 0xC0, 0x00, 0xE2, 0x00,
0x01, 0xA1, 0xC0, 0x00, 0xC0, 0x00,
0x00, 0x36, 0xDF, 0xFF, 0x66, 0x00,
0x00, 0x00, 0x01, 0x04, 0xA0, 0x00,
0x01, 0xE5, 0x60, 0x00, 0xC0, 0x00,
0x00, 0x00, 0x00, 0x00, 0x00, 0x00,
0x01, 0xA2, 0x7F, 0xFF, 0x20, 0x80,
0x00, 0x00, 0x01, 0x05, 0xA0, 0x00,
0x01, 0xE5, 0x80, 0x00, 0xC0, 0x00,
0x00, 0x00, 0x00, 0x00, 0x00, 0x00,
0x01, 0xA2, 0x7F, 0xFF, 0x22, 0x80,
0x00, 0x36, 0xC0, 0x00, 0xE2, 0x00,
0x01, 0xA1, 0xE0, 0x00, 0xC0, 0x00,
0x00, 0x36, 0xDF, 0xFF, 0x66, 0x00,
0x00, 0x00, 0x01, 0x05, 0xA0, 0x00,
0x01, 0xE5, 0x60, 0x00, 0xC0, 0x00,
0x00, 0x00, 0x00, 0x00, 0x00, 0x00,
0x01, 0xA2, 0x7F, 0xFF, 0x20, 0x80,
0x00, 0x00, 0x01, 0x06, 0xA0, 0x00,
0x01, 0xE5, 0x80, 0x00, 0xC0, 0x00,
0x00, 0x00, 0x00, 0x00, 0x00, 0x00,
0x01, 0xA2, 0x7F, 0xFF, 0x22, 0x80,
0x00, 0x36, 0xC0, 0x00, 0xE2, 0x00,
0x01, 0xA2, 0x00, 0x00, 0xC0, 0x00,
0x00, 0x36, 0xDF, 0xFF, 0x66, 0x00,
0x00, 0x00, 0x01, 0x06, 0xA0, 0x00,
0x01, 0xE5, 0x60, 0x00, 0xC0, 0x00,
0x00, 0x00, 0x00, 0x00, 0x00, 0x00,
0x01, 0xA2, 0x7F, 0xFF, 0x20, 0x80,
0x00, 0x00, 0x01, 0x07, 0xA0, 0x00,
0x01, 0xE5, 0x80, 0x00, 0xC0, 0x00,
0x00, 0x00, 0x00, 0x00, 0x00, 0x00,
0x01, 0xA2, 0x7F, 0xFF, 0x22, 0x80,
0x00, 0x36, 0xC0, 0x00, 0xE2, 0x00,
0x01, 0xA2, 0x20, 0x00, 0xC0, 0x00,
0x00, 0x36, 0xDF, 0xFF, 0x66, 0x00,
0x00, 0x00, 0x01, 0x07, 0xA0, 0x00,
0x01, 0xE5, 0x60, 0x00, 0xC0, 0x00,
0x00, 0x00, 0x00, 0x00, 0x00, 0x00,
0x01, 0xA2, 0x7F, 0xFF, 0x20, 0x80,
0x00, 0x00, 0x01, 0x02, 0xA0, 0x00,
0x01, 0xE5, 0x80, 0x00, 0xC0, 0x00,
0x00, 0x00, 0x00, 0x00, 0x00, 0x00,
0x01, 0xA2, 0x7F, 0xFF, 0x22, 0x80,
0x00, 0x36, 0xC0, 0x00, 0xE2, 0x00,
0x01, 0xA2, 0x40, 0x00, 0xC0, 0x00,
0x00, 0x36, 0xDF, 0xFF, 0x66, 0x00,
0x01, 0xA0, 0x80, 0x00, 0xE6, 0x00,
0x01, 0xE4, 0xB1, 0x08, 0x20, 0x08,
0x01, 0xE4, 0xF1, 0x08, 0x60, 0x00,
0x07, 0xFF, 0xB1, 0x08, 0x66, 0x67,
0x01, 0xE4, 0xE0, 0x00, 0xE6, 0x00,
0x01, 0xE5, 0xA1, 0x12, 0x40, 0x40,
0x01, 0xA0, 0x41, 0x13, 0x44, 0x00,
0x01, 0xA0, 0x21, 0x14, 0x44, 0x00,
0x01, 0xE5, 0xC0, 0x00, 0xE4, 0x00,
0x01, 0xE5, 0xC1, 0x1A, 0x20, 0x00,
0x01, 0xE6, 0x20, 0x00, 0xE2, 0x00,
0x01, 0xE5, 0xE1, 0x12, 0x60, 0x40,
0x01, 0xA0, 0x81, 0x13, 0x66, 0x00,
0x01, 0xA0, 0x61, 0x14, 0x66, 0x00,
0x01, 0xE6, 0x00, 0x00, 0xE6, 0x00,
0x01, 0xE6, 0x01, 0x1A, 0x40, 0x00,
0x01, 0xE6, 0x40, 0x00, 0xE4, 0x00,
0x01, 0xA0, 0xD1, 0x08, 0x64, 0x00,
0x01, 0xA0, 0x00, 0x00, 0xE6, 0x00,
0x01, 0xA0, 0xB1, 0x08, 0x22, 0x00,
0x01, 0x9F, 0x80, 0x00, 0xE2, 0x00,
0x01, 0xE6, 0x81, 0x0D, 0x20, 0x40,
0x01, 0xE6, 0x61, 0x0E, 0x22, 0x40,
0x01, 0x9F, 0x81, 0x0F, 0x22, 0x00,
0x01, 0x9F, 0x61, 0x10, 0x22, 0x00,
0x01, 0x9F, 0x41, 0x11, 0x22, 0x00,
0x01, 0xE6, 0xA0, 0x00, 0xE2, 0x00,
0x01, 0xE6, 0xA1, 0x17, 0x20, 0x00,
0x01, 0xE6, 0xE1, 0x0D, 0x40, 0x40,
0x01, 0xE6, 0xC1, 0x0E, 0x44, 0x40,
0x01, 0xA0, 0x01, 0x0F, 0x44, 0x00,
0x01, 0x9F, 0xE1, 0x10, 0x44, 0x00,
0x01, 0x9F, 0xC1, 0x11, 0x44, 0x00,
0x01, 0xE7, 0x00, 0x00, 0xE4, 0x00,
0x01, 0xE7, 0x01, 0x17, 0x42, 0x00,
0x01, 0xE6, 0x21, 0x1B, 0x24, 0x00,
0x01, 0xE6, 0x41, 0x1B, 0x22, 0x00,
0x01, 0x9F, 0xA0, 0x00, 0xE2, 0x00,
0x00, 0x00, 0x00, 0x00, 0x00, 0x00,
0x00, 0x26, 0x71, 0x08, 0x20, 0x00,
0x00, 0x00, 0x00, 0x00, 0x00, 0x00,
0x01, 0xE7, 0x40, 0x00, 0xF0, 0x00,
0x07, 0xFF, 0xA1, 0x20, 0x30, 0x48,
0x07, 0xFF, 0xB1, 0x04, 0x20, 0x00,
0x01, 0xE7, 0x61, 0x1E, 0x20, 0x27,
0x01, 0xE7, 0x80, 0x00, 0xE2, 0x00,
0x07, 0xFF, 0xA1, 0x1F, 0x22, 0x48,
0x07, 0xFF, 0xD1, 0x08, 0x20, 0x00,
0x07, 0xFF, 0xB1, 0x08, 0x20, 0x27,
0x01, 0xE7, 0x20, 0x00, 0xE2, 0x00,
0x00, 0x26, 0x71, 0x08, 0x20, 0x00,
0x00, 0x00, 0x00, 0x00, 0x00, 0x00,
0x01, 0xE7, 0xC0, 0x00, 0xF0, 0x00,
0x07, 0xFF, 0xA1, 0x23, 0x30, 0x48,
0x07, 0xFF, 0xB1, 0x04, 0x20, 0x00,
0x01, 0xE7, 0xE1, 0x21, 0x20, 0x27,
0x01, 0xE8, 0x00, 0x00, 0xE2, 0x00,
0x07, 0xFF, 0xA1, 0x22, 0x22, 0x48,
0x07, 0xFF, 0xD1, 0x08, 0x20, 0x00,
0x07, 0xFF, 0xB1, 0x08, 0x20, 0x27,
0x01, 0xE7, 0xA0, 0x00, 0xE2, 0x00,
0x00, 0x26, 0x71, 0x08, 0x20, 0x00,
0x00, 0x00, 0x00, 0x00, 0x00, 0x00,
0x01, 0xE8, 0x40, 0x00, 0xF0, 0x00,
0x07, 0xFF, 0xA1, 0x26, 0x30, 0x48,
0x07, 0xFF, 0xB1, 0x04, 0x20, 0x00,
0x01, 0xE8, 0x61, 0x24, 0x20, 0x27,
0x01, 0xE8, 0x80, 0x00, 0xE2, 0x00,
0x07, 0xFF, 0xA1, 0x25, 0x22, 0x48,
0x07, 0xFF, 0xD1, 0x08, 0x20, 0x00,
0x07, 0xFF, 0xB1, 0x08, 0x20, 0x27,
0x01, 0xE8, 0x20, 0x00, 0xE2, 0x00,
0x00, 0x26, 0x71, 0x08, 0x20, 0x00,
0x00, 0x00, 0x00, 0x00, 0x00, 0x00,
0x01, 0xE8, 0xC0, 0x00, 0xF0, 0x00,
0x07, 0xFF, 0xA1, 0x29, 0x30, 0x48,
0x07, 0xFF, 0xB1, 0x04, 0x20, 0x00,
0x01, 0xE8, 0xE1, 0x27, 0x20, 0x27,
0x01, 0xE9, 0x00, 0x00, 0xE2, 0x00,
0x07, 0xFF, 0xA1, 0x28, 0x22, 0x48,
0x07, 0xFF, 0xD1, 0x08, 0x20, 0x00,
0x07, 0xFF, 0xB1, 0x08, 0x20, 0x27,
0x01, 0xE8, 0xA0, 0x00, 0xE2, 0x00,
0x00, 0x26, 0x71, 0x08, 0x20, 0x00,
0x00, 0x00, 0x00, 0x00, 0x00, 0x00,
0x01, 0xE9, 0x40, 0x00, 0xF0, 0x00,
0x07, 0xFF, 0xA1, 0x2C, 0x30, 0x48,
0x07, 0xFF, 0xB1, 0x04, 0x20, 0x00,
0x01, 0xE9, 0x61, 0x2A, 0x20, 0x27,
0x01, 0xE9, 0x80, 0x00, 0xE2, 0x00,
0x07, 0xFF, 0xA1, 0x2B, 0x22, 0x48,
0x07, 0xFF, 0xD1, 0x08, 0x20, 0x00,
0x07, 0xFF, 0xB1, 0x08, 0x20, 0x27,
0x01, 0xE9, 0x20, 0x00, 0xE2, 0x00,
0x07, 0xFF, 0xA1, 0x2D, 0x20, 0x00,
0x01, 0xE9, 0xD1, 0x08, 0x22, 0x40,
0x01, 0xEA, 0x40, 0x00, 0xE2, 0x00,
0x01, 0xEA, 0x11, 0x08, 0x20, 0x00,
0x01, 0xE9, 0xD1, 0x08, 0x34, 0x00,
0x01, 0xEA, 0x51, 0x14, 0x22, 0x00,
0x01, 0xE9, 0xE0, 0x00, 0xE2, 0x00,
0x01, 0xE9, 0xE0, 0x00, 0xC0, 0x00,
0x01, 0xEA, 0x20, 0x00, 0xF2, 0x00,
0x01, 0x9F, 0x9F, 0xFF, 0x20, 0x00,
0x01, 0x9F, 0xBF, 0xFF, 0x22, 0x00,
0x01, 0xA0, 0x1F, 0xFF, 0x22, 0x00,
0x01, 0xA0, 0x5F, 0xFF, 0x22, 0x00,
0x01, 0xA0, 0x9F, 0xFF, 0x22, 0x00,
0x01, 0xE9, 0xA0, 0x00, 0xE2, 0x00,
0x01, 0xE7, 0x31, 0x08, 0x20, 0x00,
0x07, 0xFE, 0xF2, 0x47, 0x02, 0x00,
0x01, 0xE7, 0xB1, 0x08, 0x20, 0x00,
0x07, 0xFE, 0xF2, 0x48, 0x02, 0x00,
0x01, 0xE8, 0x31, 0x08, 0x20, 0x00,
0x07, 0xFE, 0xF2, 0x49, 0x02, 0x00,
0x01, 0xE8, 0xB1, 0x08, 0x20, 0x00,
0x07, 0xFE, 0xF2, 0x4A, 0x02, 0x00,
0x01, 0xE9, 0x31, 0x08, 0x20, 0x00,
0x07, 0xFE, 0xF2, 0x4B, 0x02, 0x00,
0x07, 0xFF, 0xA1, 0x2E, 0x20, 0x00,
0x01, 0xEB, 0x00, 0x00, 0xE2, 0x00,
0x00, 0x29, 0x51, 0x08, 0x20, 0x00,
0x01, 0xEA, 0x80, 0x00, 0xE2, 0x00,
0x01, 0xE9, 0xB1, 0x08, 0x20, 0x00,
0x01, 0xEA, 0xA0, 0x00, 0xE2, 0x00,
0x00, 0x35, 0x91, 0x08, 0x20, 0x00,
0x01, 0xEA, 0xC0, 0x00, 0xE2, 0x00,
0x07, 0xFF, 0xD1, 0x08, 0x20, 0x00,
0x01, 0xEC, 0x60, 0x00, 0xE2, 0x00,
0x01, 0xEA, 0xF1, 0x08, 0x20, 0x00,
0x01, 0xEB, 0x11, 0x08, 0x22, 0x48,
0x00, 0x00, 0x00, 0x00, 0x00, 0x00,
0x07, 0xFF, 0xB1, 0x08, 0x20, 0x26,
0x01, 0xEC, 0x60, 0x00, 0xE2, 0x00,
0x01, 0xEB, 0x71, 0x08, 0x20, 0x00,
0x07, 0xFF, 0xB1, 0x13, 0x22, 0x48,
0x01, 0xEA, 0xF1, 0x08, 0x20, 0x00,
0x01, 0xEB, 0xF1, 0x08, 0x20, 0x25,
0x01, 0xEC, 0x00, 0x00, 0xE2, 0x00,
0x01, 0xEB, 0xB1, 0x08, 0x20, 0x00,
0x07, 0xFF, 0xB1, 0x13, 0x22, 0x48,
0x01, 0xEA, 0xF1, 0x08, 0x20, 0x00,
0x01, 0xEC, 0x31, 0x08, 0x20, 0x25,
0x01, 0xEC, 0x40, 0x00, 0xE2, 0x00,
0x01, 0xEC, 0x91, 0x08, 0x20, 0x00,
0x00, 0x00, 0x00, 0x00, 0x00, 0x00,
0x01, 0xEC, 0xC0, 0x00, 0xF0, 0x00,
0x01, 0xEC, 0xD1, 0x08, 0x20, 0x00,
0x07, 0xFF, 0xB1, 0x13, 0x22, 0x48,
0x01, 0xEC, 0x71, 0x08, 0x20, 0x00,
0x07, 0xFF, 0xD1, 0x08, 0x20, 0x25,
0x01, 0xEC, 0x60, 0x00, 0xE2, 0x00,
0x01, 0xEA, 0xF1, 0x08, 0x20, 0x00,
0x01, 0xEB, 0x00, 0x00, 0xE2, 0x25,
0x01, 0xEB, 0x31, 0x08, 0x20, 0x00,
0x01, 0xEB, 0x71, 0x08, 0x22, 0x40,
0x01, 0xEC, 0xA0, 0x00, 0xE2, 0x00,
0x01, 0xEB, 0x71, 0x08, 0x20, 0x00,
0x01, 0xEC, 0xB1, 0x14, 0x22, 0x00,
0x01, 0xEB, 0x80, 0x00, 0xE2, 0x00,
0x01, 0xEC, 0x00, 0x00, 0xC0, 0x00,
0x00, 0x00, 0x1F, 0xFF, 0xA0, 0x00,
0x01, 0xEB, 0x80, 0x00, 0xC0, 0x00,
0x00, 0x00, 0x00, 0x00, 0x00, 0x00,
0x01, 0xEA, 0x9F, 0xFF, 0x20, 0x80,
0x01, 0xEA, 0x60, 0x00, 0xE2, 0x00,
0x07, 0xFF, 0xB1, 0x08, 0x20, 0x00,
0x07, 0xFF, 0xBF, 0xFF, 0x22, 0x40,
0x01, 0xEB, 0xC0, 0x00, 0xE2, 0x00,
0x01, 0xEC, 0x40, 0x00, 0xC0, 0x00,
0x00, 0x00, 0x1F, 0xFF, 0xA0, 0x00,
0x01, 0xEB, 0xC0, 0x00, 0xC0, 0x00,
0x00, 0x00, 0x00, 0x00, 0x00, 0x00,
0x01, 0xEA, 0x9F, 0xFF, 0x20, 0x80,
0x01, 0xEA, 0x71, 0x08, 0x22, 0x00,
0x01, 0xEA, 0x60, 0x00, 0xE2, 0x00,
0x01, 0xEB, 0x31, 0x08, 0x20, 0x00,
0x01, 0xEC, 0x71, 0x08, 0x22, 0x40,
0x00, 0x00, 0x00, 0x00, 0x00, 0x00,
0x01, 0xEB, 0x40, 0x00, 0xF0, 0x00,
0x00, 0x00, 0x00, 0x00, 0x00, 0x00,
0x01, 0xEA, 0x60, 0x00, 0xC0, 0x00,
0x01, 0xEA, 0x71, 0x08, 0x20, 0x00,
0x01, 0xED, 0x60, 0x00, 0xE2, 0x00,
0x07, 0xFE, 0xE1, 0x34, 0x02, 0x00,
0x07, 0xFE, 0xE1, 0x35, 0x12, 0x00,
0x01, 0xEA, 0x7F, 0xFF, 0x20, 0x00,
0x00, 0x10, 0x20, 0x00, 0xE2, 0x00,
0x00, 0x10, 0x40, 0x00, 0xF2, 0x00,
0x01, 0xED, 0x31, 0x08, 0x20, 0x00,
0x01, 0xED, 0x21, 0x2F, 0x22, 0x40,
0x00, 0x10, 0x41, 0x2F, 0x22, 0x00,
0x01, 0xEC, 0xF1, 0x08, 0x34, 0x00,
0x01, 0xEC, 0xE1, 0x2F, 0x22, 0x40,
0x00, 0x10, 0x21, 0x2F, 0x22, 0x00,
0x01, 0xED, 0x00, 0x00, 0xE2, 0x00,
0x01, 0xED, 0x40, 0x00, 0xF2, 0x00,
0x07, 0xFE, 0xE1, 0x32, 0x02, 0x00,
0x07, 0xFE, 0xE1, 0x33, 0x12, 0x00,
0x07, 0xFF, 0xA1, 0x36, 0x20, 0x00,
0x01, 0xED, 0x91, 0x08, 0x22, 0x40,
0x01, 0xEF, 0x00, 0x00, 0xE2, 0x00,
0x01, 0xED, 0xD1, 0x08, 0x20, 0x00,
0x01, 0xED, 0x91, 0x08, 0x34, 0x00,
0x01, 0xEF, 0x11, 0x14, 0x22, 0x00,
0x01, 0xED, 0xA0, 0x00, 0xE2, 0x00,
0x01, 0xED, 0xA0, 0x00, 0xC0, 0x00,
0x01, 0xED, 0xE0, 0x00, 0xF2, 0x00,
0x01, 0xED, 0x7F, 0xFF, 0x20, 0x00,
0x01, 0xEF, 0x20, 0x00, 0xE2, 0x00,
0x07, 0xFF, 0xA1, 0x37, 0x20, 0x00,
0x01, 0xEE, 0x11, 0x08, 0x22, 0x40,
0x01, 0xEF, 0x00, 0x00, 0xE2, 0x00,
0x01, 0xEE, 0x51, 0x08, 0x20, 0x00,
0x01, 0xEE, 0x11, 0x08, 0x34, 0x00,
0x01, 0xEF, 0x11, 0x14, 0x22, 0x00,
0x01, 0xEE, 0x20, 0x00, 0xE2, 0x00,
0x01, 0xEE, 0x20, 0x00, 0xC0, 0x00,
0x01, 0xEE, 0x60, 0x00, 0xF2, 0x00,
0x01, 0xED, 0x7F, 0xFF, 0x20, 0x00,
0x01, 0xEF, 0x40, 0x00, 0xE2, 0x00,
0x07, 0xFF, 0xA1, 0x38, 0x20, 0x00,
0x01, 0xEE, 0x91, 0x08, 0x22, 0x40,
0x01, 0xEF, 0x00, 0x00, 0xE2, 0x00,
0x01, 0xEE, 0xD1, 0x08, 0x20, 0x00,
0x01, 0xEE, 0x91, 0x08, 0x34, 0x00,
0x01, 0xEF, 0x11, 0x14, 0x22, 0x00,
0x01, 0xEE, 0xA0, 0x00, 0xE2, 0x00,
0x01, 0xEE, 0xA0, 0x00, 0xC0, 0x00,
0x01, 0xEE, 0xE0, 0x00, 0xF2, 0x00,
0x01, 0xED, 0x7F, 0xFF, 0x20, 0x00,
0x01, 0xEF, 0x60, 0x00, 0xE2, 0x00,
0x00, 0x00, 0x00, 0x00, 0x00, 0x00,
0x00, 0x08, 0xE0, 0x00, 0xC0, 0x00,
0x00, 0x08, 0xFF, 0xFF, 0x20, 0x00,
0x01, 0xEF, 0xC0, 0x00, 0xE2, 0x00,
0x01, 0xEF, 0xE0, 0x00, 0xF2, 0x00,
0x01, 0xF0, 0x51, 0x08, 0x20, 0x00,
0x01, 0xF0, 0x41, 0x41, 0x22, 0x40,
0x01, 0xEF, 0xE1, 0x41, 0x22, 0x00,
0x01, 0xF0, 0x11, 0x08, 0x34, 0x00,
0x01, 0xF0, 0x01, 0x41, 0x22, 0x40,
0x01, 0xEF, 0xC1, 0x41, 0x82, 0x00,
0x01, 0xEF, 0xC1, 0x41, 0x22, 0x00,
0x01, 0xF0, 0x20, 0x00, 0xE2, 0x00,
0x01, 0xF0, 0x60, 0x00, 0xF2, 0x00,
0x01, 0xF0, 0x80, 0x00, 0xF6, 0x00,
0x06, 0x05, 0x01, 0x3E, 0x00, 0x00,
0x06, 0x05, 0xA1, 0x3F, 0x00, 0x00,
0x00, 0x00, 0x00, 0x00, 0x00, 0x00,
0x00, 0x00, 0x00, 0x00, 0x00, 0x00,
0x01, 0xF0, 0x91, 0x1A, 0x20, 0x00,
0x02, 0x10, 0xA0, 0x00, 0xE2, 0x00,
0x02, 0x10, 0xA0, 0x00, 0xC0, 0x00,
0x00, 0x00, 0x00, 0x00, 0x00, 0x00,
0x00, 0x00, 0x00, 0x00, 0x00, 0x00,
0x07, 0xFF, 0xA1, 0x42, 0x21, 0x00,
0x07, 0xFE, 0xE1, 0x3D, 0x02, 0x00,
0x06, 0x06, 0x01, 0x3A, 0x00, 0x00,
0x00, 0x04, 0x71, 0x08, 0x20, 0x08,
0x00, 0x08, 0xF1, 0x08, 0x20, 0x00,
0x02, 0x10, 0x80, 0x00, 0xE2, 0x00,
0x06, 0x03, 0xC0, 0x00, 0x00, 0x00,
0x06, 0x04, 0x00, 0x00, 0x00, 0x00,
0x06, 0x01, 0x60, 0x00, 0x00, 0x00,
0x00, 0x00, 0x18, 0x0B, 0x00, 0x00,
0x07, 0xFF, 0xD1, 0x08, 0x20, 0x00,
0x06, 0x03, 0xA6, 0x58, 0x00, 0x00,
0x06, 0x00, 0x98, 0x04, 0x22, 0x00,
0x06, 0x03, 0xE0, 0x00, 0x00, 0x00,
0x06, 0x04, 0x20, 0x00, 0x00, 0x00,
0x00, 0x00, 0x00, 0x00, 0x00, 0x00,
0x01, 0xEF, 0x80, 0x00, 0xE2, 0x00,
0x01, 0xEF, 0x71, 0x08, 0x22, 0x40,
0x02, 0x10, 0xC0, 0x00, 0xE2, 0x00,
0x06, 0x06, 0x01, 0x3B, 0x00, 0x00,
0x02, 0x10, 0xC1, 0x3D, 0x20, 0x00,
0x01, 0xEF, 0xA0, 0x00, 0xE2, 0x00,
0x01, 0xEF, 0xB1, 0x04, 0x20, 0x00,
0x01, 0xEF, 0xA0, 0x00, 0xE2, 0x00,
0x01, 0xEF, 0xB1, 0x04, 0x20, 0x00,
0x01, 0xEF, 0xA0, 0x00, 0xE2, 0x00,
0x01, 0xEF, 0xA1, 0x39, 0x20, 0x00,
0x07, 0xFF, 0xD1, 0x08, 0x20, 0x27,
0x02, 0x10, 0xC0, 0x00, 0xE2, 0x00,
0x00, 0x00, 0x01, 0x40, 0xA0, 0x00,
0x07, 0xFF, 0xA1, 0x40, 0x40, 0x00,
0x01, 0xEF, 0xA0, 0x00, 0xE4, 0x00,
0x01, 0xEF, 0xA0, 0x00, 0xC0, 0x00,
0x06, 0x03, 0xA6, 0x9F, 0x00, 0x00,
0x02, 0x10, 0x81, 0x3D, 0x20, 0x80,
0x07, 0xFE, 0xE1, 0x3C, 0x02, 0x00,
0x02, 0x10, 0xC1, 0x3C, 0x20, 0x40,
0x07, 0xFF, 0xA2, 0x61, 0x23, 0x00,
0x07, 0xFE, 0xE2, 0x61, 0x03, 0x00,
0x02, 0x10, 0x61, 0x3D, 0x20, 0x80,
0x07, 0xFE, 0xE1, 0x3C, 0x02, 0x00,
0x02, 0x10, 0xC1, 0x3C, 0x20, 0x40,
0x07, 0xFF, 0xA2, 0x60, 0x23, 0x00,
0x07, 0xFE, 0xE2, 0x60, 0x03, 0x00,
0x02, 0x10, 0x41, 0x3D, 0x20, 0x80,
0x07, 0xFE, 0xE1, 0x3C, 0x02, 0x00,
0x02, 0x10, 0xC1, 0x3C, 0x20, 0x40,
0x07, 0xFF, 0xA2, 0x5F, 0x23, 0x00,
0x07, 0xFE, 0xE2, 0x5F, 0x03, 0x00,
0x02, 0x10, 0x21, 0x3D, 0x20, 0x80,
0x07, 0xFE, 0xE1, 0x3C, 0x02, 0x00,
0x02, 0x10, 0xC1, 0x3C, 0x20, 0x40,
0x07, 0xFF, 0xA2, 0x5E, 0x23, 0x00,
0x07, 0xFE, 0xE2, 0x5E, 0x03, 0x00,
0x02, 0x10, 0x01, 0x3D, 0x20, 0x80,
0x07, 0xFE, 0xE1, 0x3C, 0x02, 0x00,
0x02, 0x10, 0xC1, 0x3C, 0x20, 0x40,
0x07, 0xFF, 0xA2, 0x5D, 0x23, 0x00,
0x07, 0xFE, 0xE2, 0x5D, 0x03, 0x00,
0x02, 0x0F, 0xE1, 0x3D, 0x20, 0x80,
0x07, 0xFE, 0xE1, 0x3C, 0x02, 0x00,
0x02, 0x10, 0xC1, 0x3C, 0x20, 0x40,
0x07, 0xFF, 0xA2, 0x5C, 0x23, 0x00,
0x07, 0xFE, 0xE2, 0x5C, 0x03, 0x00,
0x02, 0x0F, 0xC1, 0x3D, 0x20, 0x80,
0x07, 0xFE, 0xE1, 0x3C, 0x02, 0x00,
0x02, 0x10, 0xC1, 0x3C, 0x20, 0x40,
0x07, 0xFF, 0xA2, 0x5B, 0x23, 0x00,
0x07, 0xFE, 0xE2, 0x5B, 0x03, 0x00,
0x02, 0x0F, 0xA1, 0x3D, 0x20, 0x80,
0x07, 0xFE, 0xE1, 0x3C, 0x02, 0x00,
0x02, 0x10, 0xC1, 0x3C, 0x20, 0x40,
0x07, 0xFF, 0xA2, 0x5A, 0x23, 0x00,
0x07, 0xFE, 0xE2, 0x5A, 0x03, 0x00,
0x07, 0xFF, 0xA1, 0x40, 0x40, 0x00,
0x07, 0xFF, 0xB1, 0x1C, 0x44, 0x40,
0x07, 0xFF, 0xA1, 0x3A, 0x24, 0x08,
0x00, 0x00, 0x00, 0x00, 0x00, 0x00,
0x07, 0xFF, 0xD1, 0x08, 0x40, 0x27,
0x07, 0xFE, 0xE1, 0x40, 0x04, 0x00,
0x00, 0x00, 0x01, 0x40, 0xA0, 0x00,
0x01, 0xEF, 0xA0, 0x00, 0xE4, 0x00,
0x01, 0xEF, 0xA0, 0x00, 0xC0, 0x00,
0x00, 0x00, 0x00, 0x00, 0x00, 0x00,
0x01, 0xEF, 0x71, 0x08, 0x20, 0x00,
0x01, 0xEF, 0x91, 0x08, 0x22, 0x40,
0x02, 0x89, 0x40, 0x00, 0xE2, 0x00,
0x00, 0x00, 0x02, 0x62, 0xA0, 0x00,
0x02, 0x11, 0x11, 0x08, 0x20, 0x00,
0x02, 0x10, 0xE0, 0x00, 0xE2, 0x00,
0x01, 0xEF, 0x51, 0x08, 0x20, 0x00,
0x02, 0x11, 0x00, 0x00, 0xE2, 0x80,
0x02, 0x89, 0xA2, 0x65, 0x20, 0x00,
0x02, 0x89, 0x62, 0x65, 0x34, 0x00,
0x02, 0x89, 0x42, 0x63, 0x22, 0x00,
0x02, 0x89, 0x22, 0x64, 0x22, 0x00,
0x02, 0x89, 0x80, 0x00, 0xE2, 0x00,
0x02, 0x89, 0xC0, 0x00, 0xF2, 0x00,
0x02, 0x8A, 0x22, 0x68, 0x20, 0x00,
0x02, 0x89, 0xE2, 0x68, 0x34, 0x00,
0x02, 0x89, 0x82, 0x66, 0x22, 0x00,
0x02, 0x89, 0x62, 0x67, 0x22, 0x00,
0x02, 0x8A, 0x00, 0x00, 0xE2, 0x00,
0x02, 0x8A, 0x40, 0x00, 0xF2, 0x00,
0x02, 0x10, 0xE2, 0x69, 0x20, 0x00,
0x02, 0x8A, 0x60, 0x00, 0xE2, 0x00,
0x01, 0xEF, 0x51, 0x08, 0x20, 0x00,
0x02, 0x8A, 0x71, 0x08, 0x22, 0x00,
0x02, 0x91, 0x60, 0x00, 0xE2, 0x00,
0x02, 0x8A, 0x11, 0x08, 0x20, 0x00,
0x02, 0x8B, 0x80, 0x00, 0xE2, 0x00,
0x02, 0x8A, 0x11, 0x08, 0x20, 0x00,
0x02, 0x8C, 0x60, 0x00, 0xE2, 0x00,
0x02, 0x8C, 0xC2, 0x6A, 0x20, 0x40,
0x02, 0x8B, 0x82, 0x6B, 0x34, 0x00,
0x02, 0x8C, 0x82, 0x6A, 0x22, 0x40,
0x02, 0x8B, 0x62, 0x6C, 0x22, 0x00,
0x02, 0x8C, 0xA0, 0x00, 0xE2, 0x00,
0x02, 0x8C, 0xE0, 0x00, 0xF2, 0x00,
0x02, 0x8D, 0x42, 0x6A, 0x20, 0x40,
0x02, 0x8C, 0x62, 0x6B, 0x34, 0x00,
0x02, 0x8D, 0x02, 0x6A, 0x22, 0x40,
0x02, 0x8C, 0x42, 0x6C, 0x22, 0x00,
0x02, 0x8D, 0x20, 0x00, 0xE2, 0x00,
0x02, 0x8D, 0x60, 0x00, 0xF2, 0x00,
0x02, 0x8D, 0xC2, 0x6D, 0x20, 0x40,
0x02, 0x8C, 0xA2, 0x6E, 0x34, 0x00,
0x02, 0x8D, 0x82, 0x6D, 0x22, 0x40,
0x02, 0x8C, 0x82, 0x6F, 0x22, 0x00,
0x02, 0x8D, 0xA0, 0x00, 0xE2, 0x00,
0x02, 0x8D, 0xE0, 0x00, 0xF2, 0x00,
0x02, 0x8E, 0x42, 0x6D, 0x20, 0x40,
0x02, 0x8D, 0x22, 0x6E, 0x34, 0x00,
0x02, 0x8E, 0x02, 0x6D, 0x22, 0x40,
0x02, 0x8D, 0x02, 0x6F, 0x22, 0x00,
0x02, 0x8E, 0x20, 0x00, 0xE2, 0x00,
0x02, 0x8E, 0x60, 0x00, 0xF2, 0x00,
0x02, 0x8D, 0xA2, 0x71, 0x20, 0x00,
0x02, 0x8E, 0x82, 0x70, 0x22, 0x40,
0x02, 0x8D, 0x82, 0x72, 0x22, 0x00,
0x02, 0x8E, 0xA0, 0x00, 0xE2, 0x00,
0x02, 0x8E, 0x22, 0x71, 0x20, 0x00,
0x02, 0x8E, 0xC2, 0x70, 0x22, 0x40,
0x02, 0x8E, 0x02, 0x72, 0x22, 0x00,
0x02, 0x8E, 0xE0, 0x00, 0xE2, 0x00,
0x02, 0x8E, 0xA0, 0x00, 0xC0, 0x00,
0x02, 0x8E, 0xBF, 0xFF, 0x20, 0x00,
0x02, 0x8E, 0xE0, 0x00, 0xC0, 0x00,
0x02, 0x8E, 0xFF, 0xFF, 0x22, 0x00,
0x02, 0x8F, 0xC0, 0x00, 0xE2, 0x00,
0x02, 0x8F, 0xD1, 0x09, 0x80, 0x00,
0x02, 0x8F, 0xD1, 0x09, 0x20, 0x00,
0x02, 0x8F, 0x00, 0x00, 0xE2, 0x00,
0x02, 0x8F, 0x20, 0x00, 0xF6, 0x00,
0x02, 0x8F, 0x31, 0x09, 0x20, 0x00,
0x02, 0x8F, 0x20, 0x00, 0xE2, 0x00,
0x02, 0x8F, 0x31, 0x08, 0x20, 0x00,
0x02, 0x8F, 0x71, 0x08, 0x22, 0x40,
0x02, 0x8F, 0xA0, 0x00, 0xE2, 0x00,
0x02, 0x8F, 0xB1, 0x19, 0x40, 0x00,
0x07, 0xFF, 0xA2, 0x81, 0x24, 0x48,
0x00, 0x00, 0x00, 0x00, 0x00, 0x00,
0x07, 0xFF, 0xA2, 0x81, 0x40, 0x25,
0x07, 0xFF, 0xA2, 0x82, 0x24, 0x48,
0x00, 0x00, 0x00, 0x00, 0x00, 0x00,
0x07, 0xFF, 0xA2, 0x82, 0x40, 0x27,
0x02, 0x90, 0x80, 0x00, 0xE4, 0x00,
0x02, 0x90, 0x80, 0x00, 0xC0, 0x00,
0x00, 0x00, 0x00, 0x00, 0x00, 0x00,
0x00, 0x00, 0x00, 0x00, 0x00, 0x00,
0x07, 0xFF, 0xA2, 0x74, 0x41, 0x00,
0x02, 0x8F, 0x31, 0x08, 0x20, 0x00,
0x07, 0xFF, 0xA2, 0x83, 0x22, 0x48,
0x00, 0x00, 0x00, 0x00, 0x00, 0x00,
0x07, 0xFF, 0xA2, 0x84, 0x40, 0x27,
0x02, 0x8F, 0x40, 0x00, 0xE4, 0x00,
0x02, 0x8F, 0x40, 0x00, 0xC0, 0x00,
0x02, 0x90, 0x31, 0x08, 0x20, 0x00,
0x02, 0x90, 0x3F, 0xFF, 0x22, 0x40,
0x02, 0x8F, 0x1F, 0xFF, 0x34, 0x00,
0x02, 0x8F, 0xF1, 0x08, 0x22, 0x00,
0x02, 0x8F, 0xFF, 0xFF, 0x82, 0x40,
0x02, 0x8F, 0xFF, 0xFF, 0x22, 0x40,
0x02, 0x90, 0x00, 0x00, 0xE2, 0x00,
0x02, 0x90, 0x40, 0x00, 0xF2, 0x00,
0x02, 0x8F, 0x80, 0x00, 0xF6, 0x00,
0x02, 0x8F, 0x91, 0x09, 0x20, 0x00,
0x02, 0x8F, 0x80, 0x00, 0xE2, 0x00,
0x07, 0xFF, 0xA2, 0x85, 0x20, 0x40,
0x02, 0x8F, 0x91, 0x08, 0x42, 0x00,
0x07, 0xFF, 0xA2, 0x86, 0x24, 0x48,
0x00, 0x00, 0x00, 0x00, 0x00, 0x00,
0x07, 0xFF, 0xA2, 0x86, 0x40, 0x25,
0x07, 0xFF, 0xA2, 0x87, 0x24, 0x08,
0x00, 0x00, 0x00, 0x00, 0x00, 0x00,
0x07, 0xFF, 0xA2, 0x87, 0x40, 0x67,
0x07, 0xFF, 0xA2, 0x88, 0x44, 0x00,
0x02, 0x90, 0x60, 0x00, 0xE4, 0x00,
0x02, 0x90, 0x71, 0x19, 0x20, 0x00,
0x02, 0x90, 0x80, 0x00, 0xE2, 0x00,
0x02, 0x90, 0xA0, 0x00, 0xF2, 0x00,
0x02, 0x90, 0x80, 0x00, 0xC0, 0x00,
0x00, 0x00, 0x00, 0x00, 0x00, 0x00,
0x00, 0x00, 0x00, 0x00, 0x00, 0x00,
0x07, 0xFF, 0xA2, 0x89, 0x21, 0x00,
0x07, 0xFF, 0xA2, 0x8A, 0x43, 0x40,
0x02, 0x90, 0xC0, 0x00, 0xE4, 0x00,
0x02, 0x90, 0xA0, 0x00, 0xC0, 0x00,
0x02, 0x90, 0xDF, 0xFF, 0x22, 0x40,
0x02, 0x90, 0xE0, 0x00, 0xE2, 0x00,
0x02, 0x90, 0xE2, 0x99, 0x20, 0x00,
0x02, 0x91, 0x11, 0x08, 0x22, 0x00,
0x02, 0x91, 0x02, 0x99, 0x22, 0x40,
0x02, 0x91, 0x20, 0x00, 0xE2, 0x00,
0x03, 0xFD, 0xC2, 0x9C, 0x20, 0x00,
0x03, 0xFD, 0xC2, 0x9B, 0x34, 0x00,
0x03, 0xFD, 0xE2, 0x9A, 0x22, 0x00,
0x07, 0xFE, 0xE2, 0x9B, 0x02, 0x00,
0x07, 0xFE, 0xE2, 0x9C, 0x12, 0x00,
0x02, 0x91, 0x20, 0x00, 0xC0, 0x00,
0x02, 0x8A, 0xDF, 0xFF, 0x20, 0x00,
0x02, 0x8B, 0xBF, 0xFF, 0x40, 0x00,
0x02, 0x8A, 0xD1, 0x08, 0x22, 0x40,
0x02, 0x8B, 0xB1, 0x08, 0x44, 0x40,
0x02, 0x8F, 0xC0, 0x00, 0xE2, 0x00,
0x02, 0x8F, 0xC2, 0x9B, 0x20, 0x00,
0x02, 0x8F, 0xC0, 0x00, 0xE4, 0x00,
0x02, 0x8F, 0xC2, 0x9B, 0x40, 0x00,
0x02, 0x8A, 0xD1, 0x08, 0x22, 0x00,
0x02, 0x8A, 0x80, 0x00, 0xE2, 0x00,
0x02, 0x8B, 0xB1, 0x08, 0x44, 0x00,
0x02, 0x8A, 0xA0, 0x00, 0xE4, 0x00,
0x02, 0x91, 0xC2, 0x9F, 0x20, 0x00,
0x02, 0x91, 0x82, 0x9F, 0x34, 0x00,
0x02, 0x91, 0x62, 0x9D, 0x22, 0x00,
0x02, 0x91, 0x42, 0x9E, 0x22, 0x00,
0x02, 0x91, 0xA0, 0x00, 0xE2, 0x00,
0x02, 0x91, 0xE0, 0x00, 0xF2, 0x00,
0x02, 0x92, 0x02, 0xA2, 0x20, 0x00,
0x02, 0x92, 0x62, 0xA2, 0x34, 0x00,
0x02, 0x91, 0xA2, 0xA0, 0x22, 0x00,
0x02, 0x91, 0x82, 0xA1, 0x22, 0x00,
0x02, 0x92, 0x80, 0x00, 0xE2, 0x00,
0x02, 0x92, 0x20, 0x00, 0xF2, 0x00,
0x02, 0x93, 0x22, 0xD2, 0x20, 0x00,
0x02, 0x93, 0x02, 0xD3, 0x22, 0x00,
0x02, 0x92, 0xC2, 0xD2, 0x34, 0x00,
0x02, 0x92, 0xA2, 0xD3, 0x22, 0x00,
0x02, 0x92, 0x82, 0xD0, 0x22, 0x00,
0x02, 0x92, 0x62, 0xD1, 0x22, 0x00,
0x02, 0x92, 0x42, 0xD0, 0x22, 0x00,
0x02, 0x92, 0xE0, 0x00, 0xE2, 0x00,
0x02, 0x93, 0x40, 0x00, 0xF2, 0x00,
0x02, 0x93, 0xA2, 0xD5, 0x20, 0x00,
0x02, 0x93, 0x62, 0xD5, 0x34, 0x00,
0x02, 0x92, 0xE2, 0xD4, 0x22, 0x00,
0x02, 0x92, 0xC2, 0xD4, 0x22, 0x40,
0x02, 0x93, 0x80, 0x00, 0xE2, 0x00,
0x02, 0x92, 0x91, 0x08, 0x40, 0x00,
0x02, 0x94, 0x20, 0x00, 0xE4, 0x00,
0x02, 0x94, 0xC2, 0xD2, 0x20, 0x00,
0x02, 0x94, 0xA2, 0xD3, 0x22, 0x00,
0x02, 0x94, 0x62, 0xD2, 0x34, 0x00,
0x02, 0x94, 0x42, 0xD3, 0x22, 0x00,
0x02, 0x94, 0x22, 0xD6, 0x22, 0x00,
0x02, 0x94, 0x02, 0xD7, 0x22, 0x00,
0x02, 0x93, 0xE2, 0xD6, 0x22, 0x00,
0x02, 0x94, 0x80, 0x00, 0xE2, 0x00,
0x02, 0x94, 0xE0, 0x00, 0xF2, 0x00,
0x02, 0x95, 0x42, 0xD5, 0x20, 0x00,
0x02, 0x95, 0x02, 0xD5, 0x34, 0x00,
0x02, 0x94, 0x82, 0xD8, 0x22, 0x00,
0x02, 0x94, 0x62, 0xD8, 0x22, 0x00,
0x02, 0x95, 0x60, 0x00, 0xF2, 0x00,
0x02, 0x95, 0x20, 0x00, 0xE2, 0x00,
0x03, 0xFE, 0x02, 0xD9, 0x20, 0x00,
0x03, 0xFE, 0x22, 0xCD, 0x22, 0x00,
0x07, 0xFE, 0xE2, 0xD9, 0x02, 0x00,
0x02, 0x95, 0x22, 0xD9, 0x20, 0x00,
0x02, 0x96, 0x00, 0x00, 0xE2, 0x00,
0x02, 0x96, 0x02, 0xC8, 0x60, 0x00,
0x02, 0x96, 0x02, 0xCF, 0x20, 0x00,
0x07, 0xFF, 0xA2, 0xCC, 0x22, 0x00,
0x07, 0xFF, 0xD1, 0x08, 0x50, 0x00,
0x07, 0xFF, 0xA2, 0xC9, 0x24, 0x48,
0x02, 0x96, 0x00, 0x00, 0xE4, 0x00,
0x02, 0x95, 0xA0, 0x00, 0xE4, 0x00,
0x02, 0x96, 0x00, 0x00, 0xC0, 0x00,
0x02, 0x96, 0x1F, 0xFF, 0x20, 0x00,
0x00, 0x03, 0x20, 0x00, 0xE2, 0x00,
0x00, 0x03, 0x20, 0x00, 0xC0, 0x00,
0x02, 0x96, 0x1F, 0xFF, 0x20, 0x00,
0x00, 0x03, 0x20, 0x00, 0xE2, 0x00,
0x00, 0x03, 0x20, 0x00, 0xC0, 0x00,
0x00, 0x03, 0x3F, 0xFF, 0x20, 0x00,
0x02, 0x96, 0x00, 0x00, 0xE2, 0x00,
0x07, 0xFF, 0xA2, 0xCA, 0x20, 0x40,
0x02, 0x95, 0xB1, 0x08, 0x22, 0x00,
0x02, 0x95, 0xA0, 0x00, 0xE2, 0x00,
0x02, 0x95, 0xA0, 0x00, 0xC0, 0x00,
0x02, 0x95, 0xBF, 0xFF, 0x20, 0x00,
0x00, 0x03, 0x20, 0x00, 0xE2, 0x00,
0x00, 0x03, 0x20, 0x00, 0xC0, 0x00,
0x02, 0x95, 0xBF, 0xFF, 0x20, 0x00,
0x00, 0x03, 0x20, 0x00, 0xE2, 0x00,
0x00, 0x03, 0x20, 0x00, 0xC0, 0x00,
0x00, 0x03, 0x3F, 0xFF, 0x20, 0x40,
0x07, 0xFF, 0xA2, 0xC7, 0x22, 0x00,
0x02, 0x96, 0x00, 0x00, 0xE2, 0x25,
0x07, 0xFF, 0xA2, 0xCA, 0x24, 0x48,
0x07, 0xFF, 0xA2, 0xC7, 0x20, 0x00,
0x02, 0x96, 0x00, 0x00, 0xE2, 0x25,
0x02, 0x96, 0x11, 0x08, 0x26, 0x00,
0x02, 0x96, 0x00, 0x00, 0xE2, 0x00,
0x02, 0x96, 0x02, 0xC6, 0x20, 0x00,
0x02, 0x96, 0x00, 0x00, 0xE2, 0x00,
0x02, 0x96, 0xA2, 0xD2, 0x20, 0x00,
0x02, 0x96, 0x82, 0xD3, 0x22, 0x00,
0x02, 0x96, 0x42, 0xD2, 0x34, 0x00,
0x02, 0x96, 0x22, 0xD3, 0x22, 0x00,
0x02, 0x96, 0x02, 0xD0, 0x22, 0x00,
0x02, 0x95, 0xE2, 0xD1, 0x22, 0x00,
0x02, 0x95, 0xC2, 0xD0, 0x22, 0x00,
0x02, 0x96, 0x60, 0x00, 0xE2, 0x00,
0x02, 0x96, 0xC0, 0x00, 0xF2, 0x00,
0x02, 0x97, 0x22, 0xD5, 0x20, 0x00,
0x02, 0x96, 0xE2, 0xD5, 0x34, 0x00,
0x02, 0x96, 0x62, 0xD4, 0x22, 0x00,
0x02, 0x96, 0x42, 0xD4, 0x22, 0x40,
0x02, 0x97, 0x40, 0x00, 0xF2, 0x00,
0x02, 0x97, 0x00, 0x00, 0xE2, 0x00,
0x02, 0x97, 0x00, 0x00, 0xC0, 0x00,
0x02, 0x97, 0x1F, 0xFF, 0x20, 0x00,
0x00, 0x10, 0x20, 0x00, 0xE2, 0x00,
0x00, 0x10, 0x40, 0x00, 0xF2, 0x00,
0x02, 0x97, 0xD1, 0x08, 0x20, 0x00,
0x02, 0x97, 0xC2, 0xC4, 0x22, 0x40,
0x00, 0x10, 0x42, 0xC4, 0x22, 0x00,
0x02, 0x97, 0x91, 0x08, 0x34, 0x00,
0x02, 0x97, 0x82, 0xC4, 0x22, 0x40,
0x00, 0x10, 0x22, 0xC4, 0x82, 0x00,
0x00, 0x10, 0x22, 0xC4, 0x22, 0x00,
0x02, 0x97, 0xA0, 0x00, 0xE2, 0x00,
0x02, 0x97, 0xE0, 0x00, 0xF2, 0x00,
0x02, 0x98, 0x60, 0x00, 0xF6, 0x00,
0x02, 0x98, 0x11, 0x08, 0x20, 0x00,
0x07, 0xFF, 0xA2, 0xC5, 0x22, 0x40,
0x02, 0x98, 0x20, 0x00, 0xE2, 0x00,
0x02, 0x98, 0x71, 0x08, 0x22, 0x48,
0x02, 0x98, 0x71, 0x08, 0x20, 0x00,
0x02, 0x98, 0x20, 0x00, 0xE2, 0x27,
0x00, 0x00, 0x00, 0x00, 0x00, 0x00,
0x02, 0x98, 0x31, 0x1A, 0x20, 0x00,
0x02, 0x98, 0x80, 0x00, 0xE2, 0x00,
0x02, 0x98, 0xA0, 0x00, 0xF2, 0x00,
0x02, 0x98, 0x80, 0x00, 0xC0, 0x00,
0x00, 0x00, 0x00, 0x00, 0x00, 0x00,
0x00, 0x00, 0x00, 0x00, 0x00, 0x00,
0x00, 0x00, 0x02, 0xA4, 0xA1, 0x00,
0x07, 0xFF, 0x91, 0x08, 0x20, 0x00,
0x00, 0x00, 0x02, 0xA3, 0xA1, 0x00,
0x07, 0xFF, 0x91, 0x08, 0x22, 0x40,
0x00, 0x03, 0x00, 0x00, 0xE2, 0x00,
0x02, 0x98, 0xA0, 0x00, 0xC0, 0x00,
0x00, 0x03, 0x1F, 0xFF, 0x20, 0x00,
0x07, 0xFF, 0x91, 0x08, 0x22, 0x00,
0x02, 0x98, 0x40, 0x00, 0xE2, 0x00,
0x03, 0xFE, 0x02, 0xDA, 0x20, 0x00,
0x03, 0xFE, 0x22, 0xCE, 0x22, 0x00,
0x07, 0xFE, 0xE2, 0xDA, 0x02, 0x00,
0x02, 0x98, 0x42, 0xDA, 0x20, 0x00,
0x02, 0x98, 0x40, 0x00, 0xE2, 0x00,
0x02, 0x98, 0x40, 0x00, 0xC0, 0x00,
0x02, 0x97, 0x1F, 0xFF, 0x20, 0x40,
0x02, 0x93, 0x91, 0x08, 0x42, 0x00,
0x03, 0xFE, 0x02, 0xDB, 0x20, 0x00,
0x03, 0xFE, 0x22, 0xCB, 0x22, 0x00,
0x07, 0xFE, 0xE2, 0xDB, 0x02, 0x00,
0x00, 0x03, 0x20, 0x00, 0xE4, 0x00,
0x02, 0x92, 0x82, 0xDB, 0x20, 0x00,
0x00, 0x03, 0x31, 0x08, 0x22, 0x00,
0x00, 0x03, 0x22, 0xDB, 0x22, 0x40,
0x02, 0x95, 0x80, 0x00, 0xE2, 0x00,
0x00, 0x00, 0x00, 0x00, 0x00, 0x00,
0x02, 0x95, 0x91, 0x08, 0x20, 0x00,
0x02, 0x99, 0xC0, 0x00, 0xE2, 0x00,
0x02, 0x95, 0x91, 0x08, 0x20, 0x00,
0x02, 0x9A, 0xA0, 0x00, 0xE2, 0x00,
0x02, 0x9B, 0x02, 0xDC, 0x20, 0x40,
0x02, 0x99, 0xC2, 0xDD, 0x34, 0x00,
0x02, 0x9A, 0xC2, 0xDC, 0x22, 0x40,
0x02, 0x99, 0xA2, 0xDE, 0x22, 0x00,
0x02, 0x9A, 0xE0, 0x00, 0xE2, 0x00,
0x02, 0x9B, 0x20, 0x00, 0xF2, 0x00,
0x02, 0x9B, 0x82, 0xDC, 0x20, 0x40,
0x02, 0x9A, 0xA2, 0xDD, 0x34, 0x00,
0x02, 0x9B, 0x42, 0xDC, 0x22, 0x40,
0x02, 0x9A, 0x82, 0xDE, 0x22, 0x00,
0x02, 0x9B, 0x60, 0x00, 0xE2, 0x00,
0x02, 0x9B, 0xA0, 0x00, 0xF2, 0x00,
0x02, 0x9C, 0x02, 0xDF, 0x20, 0x40,
0x02, 0x9A, 0xE2, 0xE0, 0x34, 0x00,
0x02, 0x9B, 0xC2, 0xDF, 0x22, 0x40,
0x02, 0x9A, 0xC2, 0xE1, 0x22, 0x00,
0x02, 0x9B, 0xE0, 0x00, 0xE2, 0x00,
0x02, 0x9C, 0x20, 0x00, 0xF2, 0x00,
0x02, 0x9C, 0x82, 0xDF, 0x20, 0x40,
0x02, 0x9B, 0x62, 0xE0, 0x34, 0x00,
0x02, 0x9C, 0x42, 0xDF, 0x22, 0x40,
0x02, 0x9B, 0x42, 0xE1, 0x22, 0x00,
0x02, 0x9C, 0x60, 0x00, 0xE2, 0x00,
0x02, 0x9C, 0xA0, 0x00, 0xF2, 0x00,
0x02, 0x9B, 0xE2, 0xE3, 0x20, 0x00,
0x02, 0x9C, 0xC2, 0xE2, 0x22, 0x40,
0x02, 0x9B, 0xC2, 0xE4, 0x22, 0x00,
0x02, 0x9C, 0xE0, 0x00, 0xE2, 0x00,
0x02, 0x9C, 0x62, 0xE3, 0x20, 0x00,
0x02, 0x9D, 0x02, 0xE2, 0x22, 0x40,
0x02, 0x9C, 0x42, 0xE4, 0x22, 0x00,
0x02, 0x9D, 0x20, 0x00, 0xE2, 0x00,
0x02, 0x9C, 0xE0, 0x00, 0xC0, 0x00,
0x02, 0x9C, 0xFF, 0xFF, 0x20, 0x00,
0x02, 0x9D, 0x20, 0x00, 0xC0, 0x00,
0x02, 0x9D, 0x3F, 0xFF, 0x22, 0x00,
0x02, 0x9E, 0x00, 0x00, 0xE2, 0x00,
0x02, 0x9E, 0x11, 0x09, 0x80, 0x00,
0x02, 0x9E, 0x11, 0x09, 0x20, 0x00,
0x02, 0x9D, 0x40, 0x00, 0xE2, 0x00,
0x02, 0x9D, 0x60, 0x00, 0xF6, 0x00,
0x02, 0x9D, 0x71, 0x09, 0x20, 0x00,
0x02, 0x9D, 0x60, 0x00, 0xE2, 0x00,
0x02, 0x9D, 0x71, 0x08, 0x20, 0x00,
0x02, 0x9D, 0xB1, 0x08, 0x22, 0x40,
0x02, 0x9D, 0xE0, 0x00, 0xE2, 0x00,
0x02, 0x9D, 0xF1, 0x19, 0x40, 0x00,
0x07, 0xFF, 0xA2, 0xF3, 0x24, 0x48,
0x00, 0x00, 0x00, 0x00, 0x00, 0x00,
0x07, 0xFF, 0xA2, 0xF3, 0x40, 0x25,
0x07, 0xFF, 0xA2, 0xF4, 0x24, 0x48,
0x00, 0x00, 0x00, 0x00, 0x00, 0x00,
0x07, 0xFF, 0xA2, 0xF4, 0x40, 0x27,
0x02, 0x9E, 0xC0, 0x00, 0xE4, 0x00,
0x02, 0x9E, 0xC0, 0x00, 0xC0, 0x00,
0x00, 0x00, 0x00, 0x00, 0x00, 0x00,
0x00, 0x00, 0x00, 0x00, 0x00, 0x00,
0x07, 0xFF, 0xA2, 0xE6, 0x41, 0x00,
0x02, 0x9D, 0x71, 0x08, 0x20, 0x00,
0x07, 0xFF, 0xA2, 0xF5, 0x22, 0x48,
0x00, 0x00, 0x00, 0x00, 0x00, 0x00,
0x07, 0xFF, 0xA2, 0xF6, 0x40, 0x27,
0x02, 0x9D, 0x80, 0x00, 0xE4, 0x00,
0x02, 0x9D, 0x80, 0x00, 0xC0, 0x00,
0x02, 0x9E, 0x71, 0x08, 0x20, 0x00,
0x02, 0x9E, 0x7F, 0xFF, 0x22, 0x40,
0x02, 0x9D, 0x5F, 0xFF, 0x34, 0x00,
0x02, 0x9E, 0x31, 0x08, 0x22, 0x00,
0x02, 0x9E, 0x3F, 0xFF, 0x82, 0x40,
0x02, 0x9E, 0x3F, 0xFF, 0x22, 0x40,
0x02, 0x9E, 0x40, 0x00, 0xE2, 0x00,
0x02, 0x9E, 0x80, 0x00, 0xF2, 0x00,
0x02, 0x9D, 0xC0, 0x00, 0xF6, 0x00,
0x02, 0x9D, 0xD1, 0x09, 0x20, 0x00,
0x02, 0x9D, 0xC0, 0x00, 0xE2, 0x00,
0x07, 0xFF, 0xA2, 0xF7, 0x20, 0x40,
0x02, 0x9D, 0xD1, 0x08, 0x42, 0x00,
0x07, 0xFF, 0xA2, 0xF8, 0x24, 0x48,
0x00, 0x00, 0x00, 0x00, 0x00, 0x00,
0x07, 0xFF, 0xA2, 0xF8, 0x40, 0x25,
0x07, 0xFF, 0xA2, 0xF9, 0x24, 0x08,
0x00, 0x00, 0x00, 0x00, 0x00, 0x00,
0x07, 0xFF, 0xA2, 0xF9, 0x40, 0x67,
0x07, 0xFF, 0xA2, 0xFA, 0x44, 0x00,
0x02, 0x9E, 0xA0, 0x00, 0xE4, 0x00,
0x02, 0x9E, 0xB1, 0x19, 0x20, 0x00,
0x02, 0x9E, 0xC0, 0x00, 0xE2, 0x00,
0x02, 0x9E, 0xE0, 0x00, 0xF2, 0x00,
0x02, 0x9E, 0xC0, 0x00, 0xC0, 0x00,
0x00, 0x00, 0x00, 0x00, 0x00, 0x00,
0x00, 0x00, 0x00, 0x00, 0x00, 0x00,
0x07, 0xFF, 0xA2, 0xFB, 0x21, 0x00,
0x07, 0xFF, 0xA2, 0xFC, 0x43, 0x40,
0x02, 0x9F, 0x00, 0x00, 0xE4, 0x00,
0x02, 0x9E, 0xE0, 0x00, 0xC0, 0x00,
0x02, 0x9F, 0x1F, 0xFF, 0x22, 0x40,
0x02, 0x9F, 0x20, 0x00, 0xE2, 0x00,
0x02, 0x9F, 0x23, 0x0B, 0x20, 0x00,
0x02, 0x9F, 0x51, 0x08, 0x22, 0x00,
0x02, 0x9F, 0x43, 0x0B, 0x22, 0x40,
0x02, 0x9F, 0x60, 0x00, 0xE2, 0x00,
0x03, 0xFE, 0x43, 0x0E, 0x20, 0x00,
0x03, 0xFE, 0x43, 0x0D, 0x34, 0x00,
0x03, 0xFE, 0x63, 0x0C, 0x22, 0x00,
0x07, 0xFE, 0xE3, 0x0D, 0x02, 0x00,
0x07, 0xFE, 0xE3, 0x0E, 0x12, 0x00,
0x02, 0x9F, 0x60, 0x00, 0xC0, 0x00,
0x02, 0x99, 0x1F, 0xFF, 0x20, 0x00,
0x02, 0x99, 0xFF, 0xFF, 0x40, 0x00,
0x02, 0x99, 0x11, 0x08, 0x22, 0x40,
0x02, 0x99, 0xF1, 0x08, 0x44, 0x40,
0x02, 0x9E, 0x00, 0x00, 0xE2, 0x00,
0x02, 0x9E, 0x03, 0x0D, 0x20, 0x00,
0x02, 0x9E, 0x00, 0x00, 0xE4, 0x00,
0x02, 0x9E, 0x03, 0x0D, 0x40, 0x00,
0x02, 0x99, 0x11, 0x08, 0x22, 0x00,
0x02, 0x98, 0xC0, 0x00, 0xE2, 0x00,
0x02, 0x99, 0xF1, 0x08, 0x44, 0x00,
0x02, 0x98, 0xE0, 0x00, 0xE4, 0x00,
0x02, 0x98, 0xC3, 0x0F, 0x20, 0x00,
0x02, 0x98, 0xE3, 0x0F, 0x22, 0x00,
0x02, 0x9F, 0x80, 0x00, 0xE2, 0x00,
0x07, 0xFF, 0xA3, 0x10, 0x20, 0x00,
0x02, 0xA0, 0x40, 0x00, 0xE2, 0x00,
0x01, 0xEF, 0x31, 0x08, 0x20, 0x00,
0x02, 0x9F, 0xC0, 0x00, 0xE2, 0x00,
0x02, 0x9F, 0x91, 0x08, 0x20, 0x00,
0x02, 0x9F, 0xE0, 0x00, 0xE2, 0x00,
0x02, 0x8A, 0x91, 0x08, 0x20, 0x00,
0x02, 0xA0, 0x00, 0x00, 0xE2, 0x00,
0x07, 0xFF, 0xD1, 0x08, 0x20, 0x00,
0x02, 0xA1, 0xA0, 0x00, 0xE2, 0x00,
0x02, 0xA0, 0x31, 0x08, 0x20, 0x00,
0x02, 0xA0, 0x51, 0x08, 0x22, 0x48,
0x00, 0x00, 0x00, 0x00, 0x00, 0x00,
0x07, 0xFF, 0xB1, 0x08, 0x20, 0x26,
0x02, 0xA1, 0xA0, 0x00, 0xE2, 0x00,
0x02, 0xA0, 0xB1, 0x08, 0x20, 0x00,
0x07, 0xFF, 0xB1, 0x13, 0x22, 0x48,
0x02, 0xA0, 0x31, 0x08, 0x20, 0x00,
0x02, 0xA1, 0x31, 0x08, 0x20, 0x25,
0x02, 0xA1, 0x40, 0x00, 0xE2, 0x00,
0x02, 0xA0, 0xF1, 0x08, 0x20, 0x00,
0x07, 0xFF, 0xB1, 0x13, 0x22, 0x48,
0x02, 0xA0, 0x31, 0x08, 0x20, 0x00,
0x02, 0xA1, 0x71, 0x08, 0x20, 0x25,
0x02, 0xA1, 0x80, 0x00, 0xE2, 0x00,
0x02, 0xA1, 0xD1, 0x08, 0x20, 0x00,
0x00, 0x00, 0x00, 0x00, 0x00, 0x00,
0x02, 0xA2, 0x00, 0x00, 0xF0, 0x00,
0x02, 0xA2, 0x11, 0x08, 0x20, 0x00,
0x07, 0xFF, 0xB1, 0x13, 0x22, 0x48,
0x02, 0xA1, 0xB1, 0x08, 0x20, 0x00,
0x07, 0xFF, 0xD1, 0x08, 0x20, 0x25,
0x02, 0xA1, 0xA0, 0x00, 0xE2, 0x00,
0x02, 0xA0, 0x31, 0x08, 0x20, 0x00,
0x02, 0xA0, 0x40, 0x00, 0xE2, 0x25,
0x02, 0xA0, 0x71, 0x08, 0x20, 0x00,
0x02, 0xA0, 0xB1, 0x08, 0x22, 0x40,
0x02, 0xA1, 0xE0, 0x00, 0xE2, 0x00,
0x02, 0xA0, 0xB1, 0x08, 0x20, 0x00,
0x02, 0xA1, 0xF1, 0x14, 0x22, 0x00,
0x02, 0xA0, 0xC0, 0x00, 0xE2, 0x00,
0x02, 0xA1, 0x40, 0x00, 0xC0, 0x00,
0x00, 0x00, 0x1F, 0xFF, 0xA0, 0x00,
0x02, 0xA0, 0xC0, 0x00, 0xC0, 0x00,
0x00, 0x00, 0x00, 0x00, 0x00, 0x00,
0x02, 0x9F, 0xDF, 0xFF, 0x20, 0x80,
0x02, 0x9F, 0xA0, 0x00, 0xE2, 0x00,
0x07, 0xFF, 0xB1, 0x08, 0x20, 0x00,
0x07, 0xFF, 0xBF, 0xFF, 0x22, 0x40,
0x02, 0xA1, 0x00, 0x00, 0xE2, 0x00,
0x02, 0xA1, 0x80, 0x00, 0xC0, 0x00,
0x00, 0x00, 0x1F, 0xFF, 0xA0, 0x00,
0x02, 0xA1, 0x00, 0x00, 0xC0, 0x00,
0x00, 0x00, 0x00, 0x00, 0x00, 0x00,
0x02, 0x9F, 0xDF, 0xFF, 0x20, 0x80,
0x02, 0x9F, 0xB1, 0x08, 0x22, 0x00,
0x02, 0x9F, 0xA0, 0x00, 0xE2, 0x00,
0x02, 0xA0, 0x71, 0x08, 0x20, 0x00,
0x02, 0xA1, 0xB1, 0x08, 0x22, 0x40,
0x00, 0x00, 0x00, 0x00, 0x00, 0x00,
0x02, 0xA0, 0x80, 0x00, 0xF0, 0x00,
0x00, 0x00, 0x00, 0x00, 0x00, 0x00,
0x02, 0x9F, 0xA0, 0x00, 0xC0, 0x00,
0x02, 0x9F, 0xB1, 0x08, 0x20, 0x00,
0x02, 0xA2, 0xA0, 0x00, 0xE2, 0x00,
0x07, 0xFE, 0xE3, 0x16, 0x02, 0x00,
0x07, 0xFE, 0xE3, 0x17, 0x12, 0x00,
0x02, 0x9F, 0xBF, 0xFF, 0x20, 0x00,
0x00, 0x10, 0x20, 0x00, 0xE2, 0x00,
0x00, 0x10, 0x40, 0x00, 0xF2, 0x00,
0x02, 0xA2, 0x71, 0x08, 0x20, 0x00,
0x02, 0xA2, 0x63, 0x11, 0x22, 0x40,
0x00, 0x10, 0x43, 0x11, 0x22, 0x00,
0x02, 0xA2, 0x31, 0x08, 0x34, 0x00,
0x02, 0xA2, 0x23, 0x11, 0x22, 0x40,
0x00, 0x10, 0x23, 0x11, 0x22, 0x00,
0x02, 0xA2, 0x40, 0x00, 0xE2, 0x00,
0x02, 0xA2, 0x80, 0x00, 0xF2, 0x00,
0x07, 0xFE, 0xE3, 0x14, 0x02, 0x00,
0x07, 0xFE, 0xE3, 0x15, 0x12, 0x00,
0x07, 0xFF, 0xA3, 0x18, 0x20, 0x00,
0x02, 0xA2, 0xD1, 0x08, 0x22, 0x40,
0x02, 0xA3, 0xC0, 0x00, 0xE2, 0x00,
0x02, 0xA3, 0x11, 0x08, 0x20, 0x00,
0x02, 0xA2, 0xD1, 0x08, 0x34, 0x00,
0x02, 0xA3, 0xD1, 0x14, 0x22, 0x00,
0x02, 0xA2, 0xE0, 0x00, 0xE2, 0x00,
0x02, 0xA2, 0xE0, 0x00, 0xC0, 0x00,
0x02, 0xA3, 0x20, 0x00, 0xF2, 0x00,
0x02, 0xA2, 0xBF, 0xFF, 0x20, 0x00,
0x02, 0xA3, 0xE0, 0x00, 0xE2, 0x00,
0x07, 0xFF, 0xA3, 0x19, 0x20, 0x00,
0x02, 0xA3, 0x51, 0x08, 0x22, 0x40,
0x02, 0xA3, 0xC0, 0x00, 0xE2, 0x00,
0x02, 0xA3, 0x91, 0x08, 0x20, 0x00,
0x02, 0xA3, 0x51, 0x08, 0x34, 0x00,
0x02, 0xA3, 0xD1, 0x14, 0x22, 0x00,
0x02, 0xA3, 0x60, 0x00, 0xE2, 0x00,
0x02, 0xA3, 0x60, 0x00, 0xC0, 0x00,
0x02, 0xA3, 0xA0, 0x00, 0xF2, 0x00,
0x02, 0xA2, 0xBF, 0xFF, 0x20, 0x00,
0x02, 0xA4, 0x00, 0x00, 0xE2, 0x00,
0x02, 0xA4, 0x11, 0x08, 0x20, 0x00,
0x02, 0xA5, 0x20, 0x00, 0xE2, 0x00,
0x02, 0xA4, 0x11, 0x08, 0x20, 0x00,
0x02, 0xA6, 0x00, 0x00, 0xE2, 0x00,
0x02, 0xA6, 0x63, 0x1A, 0x20, 0x40,
0x02, 0xA5, 0x23, 0x1B, 0x34, 0x00,
0x02, 0xA6, 0x23, 0x1A, 0x22, 0x40,
0x02, 0xA5, 0x03, 0x1C, 0x22, 0x00,
0x02, 0xA6, 0x40, 0x00, 0xE2, 0x00,
0x02, 0xA6, 0x80, 0x00, 0xF2, 0x00,
0x02, 0xA6, 0xE3, 0x1A, 0x20, 0x40,
0x02, 0xA6, 0x03, 0x1B, 0x34, 0x00,
0x02, 0xA6, 0xA3, 0x1A, 0x22, 0x40,
0x02, 0xA5, 0xE3, 0x1C, 0x22, 0x00,
0x02, 0xA6, 0xC0, 0x00, 0xE2, 0x00,
0x02, 0xA7, 0x00, 0x00, 0xF2, 0x00,
0x02, 0xA7, 0x63, 0x1D, 0x20, 0x40,
0x02, 0xA6, 0x43, 0x1E, 0x34, 0x00,
0x02, 0xA7, 0x23, 0x1D, 0x22, 0x40,
0x02, 0xA6, 0x23, 0x1F, 0x22, 0x00,
0x02, 0xA7, 0x40, 0x00, 0xE2, 0x00,
0x02, 0xA7, 0x80, 0x00, 0xF2, 0x00,
0x02, 0xA7, 0xE3, 0x1D, 0x20, 0x40,
0x02, 0xA6, 0xC3, 0x1E, 0x34, 0x00,
0x02, 0xA7, 0xA3, 0x1D, 0x22, 0x40,
0x02, 0xA6, 0xA3, 0x1F, 0x22, 0x00,
0x02, 0xA7, 0xC0, 0x00, 0xE2, 0x00,
0x02, 0xA8, 0x00, 0x00, 0xF2, 0x00,
0x02, 0xA7, 0x43, 0x21, 0x20, 0x00,
0x02, 0xA8, 0x23, 0x20, 0x22, 0x40,
0x02, 0xA7, 0x23, 0x22, 0x22, 0x00,
0x02, 0xA8, 0x40, 0x00, 0xE2, 0x00,
0x02, 0xA7, 0xC3, 0x21, 0x20, 0x00,
0x02, 0xA8, 0x63, 0x20, 0x22, 0x40,
0x02, 0xA7, 0xA3, 0x22, 0x22, 0x00,
0x02, 0xA8, 0x80, 0x00, 0xE2, 0x00,
0x02, 0xA8, 0x40, 0x00, 0xC0, 0x00,
0x02, 0xA8, 0x5F, 0xFF, 0x20, 0x00,
0x02, 0xA8, 0x80, 0x00, 0xC0, 0x00,
0x02, 0xA8, 0x9F, 0xFF, 0x22, 0x00,
0x02, 0xA9, 0x60, 0x00, 0xE2, 0x00,
0x02, 0xA9, 0x71, 0x09, 0x80, 0x00,
0x02, 0xA9, 0x71, 0x09, 0x20, 0x00,
0x02, 0xA8, 0xA0, 0x00, 0xE2, 0x00,
0x02, 0xA8, 0xC0, 0x00, 0xF6, 0x00,
0x02, 0xA8, 0xD1, 0x09, 0x20, 0x00,
0x02, 0xA8, 0xC0, 0x00, 0xE2, 0x00,
0x02, 0xA8, 0xD1, 0x08, 0x20, 0x00,
0x02, 0xA9, 0x11, 0x08, 0x22, 0x40,
0x02, 0xA9, 0x40, 0x00, 0xE2, 0x00,
0x02, 0xA9, 0x51, 0x19, 0x40, 0x00,
0x07, 0xFF, 0xA3, 0x31, 0x24, 0x48,
0x00, 0x00, 0x00, 0x00, 0x00, 0x00,
0x07, 0xFF, 0xA3, 0x31, 0x40, 0x25,
0x07, 0xFF, 0xA3, 0x32, 0x24, 0x48,
0x00, 0x00, 0x00, 0x00, 0x00, 0x00,
0x07, 0xFF, 0xA3, 0x32, 0x40, 0x27,
0x02, 0xAA, 0x20, 0x00, 0xE4, 0x00,
0x02, 0xAA, 0x20, 0x00, 0xC0, 0x00,
0x00, 0x00, 0x00, 0x00, 0x00, 0x00,
0x00, 0x00, 0x00, 0x00, 0x00, 0x00,
0x07, 0xFF, 0xA3, 0x24, 0x41, 0x00,
0x02, 0xA8, 0xD1, 0x08, 0x20, 0x00,
0x07, 0xFF, 0xA3, 0x33, 0x22, 0x48,
0x00, 0x00, 0x00, 0x00, 0x00, 0x00,
0x07, 0xFF, 0xA3, 0x34, 0x40, 0x27,
0x02, 0xA8, 0xE0, 0x00, 0xE4, 0x00,
0x02, 0xA8, 0xE0, 0x00, 0xC0, 0x00,
0x02, 0xA9, 0xD1, 0x08, 0x20, 0x00,
0x02, 0xA9, 0xDF, 0xFF, 0x22, 0x40,
0x02, 0xA8, 0xBF, 0xFF, 0x34, 0x00,
0x02, 0xA9, 0x91, 0x08, 0x22, 0x00,
0x02, 0xA9, 0x9F, 0xFF, 0x82, 0x40,
0x02, 0xA9, 0x9F, 0xFF, 0x22, 0x40,
0x02, 0xA9, 0xA0, 0x00, 0xE2, 0x00,
0x02, 0xA9, 0xE0, 0x00, 0xF2, 0x00,
0x02, 0xA9, 0x20, 0x00, 0xF6, 0x00,
0x02, 0xA9, 0x31, 0x09, 0x20, 0x00,
0x02, 0xA9, 0x20, 0x00, 0xE2, 0x00,
0x07, 0xFF, 0xA3, 0x35, 0x20, 0x40,
0x02, 0xA9, 0x31, 0x08, 0x42, 0x00,
0x07, 0xFF, 0xA3, 0x36, 0x24, 0x48,
0x00, 0x00, 0x00, 0x00, 0x00, 0x00,
0x07, 0xFF, 0xA3, 0x36, 0x40, 0x25,
0x07, 0xFF, 0xA3, 0x37, 0x24, 0x08,
0x00, 0x00, 0x00, 0x00, 0x00, 0x00,
0x07, 0xFF, 0xA3, 0x37, 0x40, 0x67,
0x07, 0xFF, 0xA3, 0x38, 0x44, 0x00,
0x02, 0xAA, 0x00, 0x00, 0xE4, 0x00,
0x02, 0xAA, 0x11, 0x19, 0x20, 0x00,
0x02, 0xAA, 0x20, 0x00, 0xE2, 0x00,
0x02, 0xAA, 0x40, 0x00, 0xF2, 0x00,
0x02, 0xAA, 0x20, 0x00, 0xC0, 0x00,
0x00, 0x00, 0x00, 0x00, 0x00, 0x00,
0x00, 0x00, 0x00, 0x00, 0x00, 0x00,
0x07, 0xFF, 0xA3, 0x39, 0x21, 0x00,
0x07, 0xFF, 0xA3, 0x3A, 0x43, 0x40,
0x02, 0xAA, 0x60, 0x00, 0xE4, 0x00,
0x02, 0xAA, 0x40, 0x00, 0xC0, 0x00,
0x02, 0xAA, 0x7F, 0xFF, 0x22, 0x40,
0x02, 0xAA, 0x80, 0x00, 0xE2, 0x00,
0x02, 0xAA, 0x83, 0x49, 0x20, 0x00,
0x02, 0xAA, 0xB1, 0x08, 0x22, 0x00,
0x02, 0xAA, 0xA3, 0x49, 0x22, 0x40,
0x02, 0xAA, 0xC0, 0x00, 0xE2, 0x00,
0x03, 0xFE, 0x83, 0x4C, 0x20, 0x00,
0x03, 0xFE, 0x83, 0x4B, 0x34, 0x00,
0x03, 0xFE, 0xA3, 0x4A, 0x22, 0x00,
0x07, 0xFE, 0xE3, 0x4B, 0x02, 0x00,
0x07, 0xFE, 0xE3, 0x4C, 0x12, 0x00,
0x02, 0xAA, 0xC0, 0x00, 0xC0, 0x00,
0x02, 0xA4, 0x7F, 0xFF, 0x20, 0x00,
0x02, 0xA5, 0x5F, 0xFF, 0x40, 0x00,
0x02, 0xA4, 0x71, 0x08, 0x22, 0x40,
0x02, 0xA5, 0x51, 0x08, 0x44, 0x40,
0x02, 0xA9, 0x60, 0x00, 0xE2, 0x00,
0x02, 0xA9, 0x63, 0x4B, 0x20, 0x00,
0x02, 0xA9, 0x60, 0x00, 0xE4, 0x00,
0x02, 0xA9, 0x63, 0x4B, 0x40, 0x00,
0x02, 0xA4, 0x71, 0x08, 0x22, 0x00,
0x02, 0xA4, 0x20, 0x00, 0xE2, 0x00,
0x02, 0xA5, 0x51, 0x08, 0x44, 0x00,
0x02, 0xA4, 0x40, 0x00, 0xE4, 0x00,
0x02, 0xA4, 0x20, 0x00, 0xC0, 0x00,
0x02, 0xA4, 0x31, 0x08, 0x20, 0x00,
0x02, 0xAB, 0x60, 0x00, 0xE2, 0x00,
0x07, 0xFE, 0xE3, 0x52, 0x02, 0x00,
0x07, 0xFE, 0xE3, 0x53, 0x12, 0x00,
0x02, 0xA4, 0x3F, 0xFF, 0x20, 0x00,
0x00, 0x10, 0x20, 0x00, 0xE2, 0x00,
0x00, 0x10, 0x40, 0x00, 0xF2, 0x00,
0x02, 0xAB, 0x31, 0x08, 0x20, 0x00,
0x02, 0xAB, 0x23, 0x4D, 0x22, 0x40,
0x00, 0x10, 0x43, 0x4D, 0x22, 0x00,
0x02, 0xAA, 0xF1, 0x08, 0x34, 0x00,
0x02, 0xAA, 0xE3, 0x4D, 0x22, 0x40,
0x00, 0x10, 0x23, 0x4D, 0x22, 0x00,
0x02, 0xAB, 0x00, 0x00, 0xE2, 0x00,
0x02, 0xAB, 0x40, 0x00, 0xF2, 0x00,
0x07, 0xFE, 0xE3, 0x50, 0x02, 0x00,
0x07, 0xFE, 0xE3, 0x51, 0x12, 0x00,
0x03, 0xFE, 0xC3, 0x56, 0x20, 0x00,
0x03, 0xFE, 0xC3, 0x55, 0x34, 0x00,
0x03, 0xFE, 0xE3, 0x54, 0x22, 0x00,
0x07, 0xFE, 0xE3, 0x55, 0x02, 0x00,
0x07, 0xFE, 0xE3, 0x56, 0x12, 0x00,
0x02, 0xAB, 0x63, 0x55, 0x20, 0x00,
0x02, 0xAB, 0x80, 0x00, 0xE2, 0x00,
0x07, 0xFF, 0xA3, 0x57, 0x20, 0x00,
0x02, 0xAC, 0x20, 0x00, 0xE2, 0x00,
0x02, 0xA3, 0xF1, 0x08, 0x20, 0x00,
0x02, 0xAB, 0xC0, 0x00, 0xE2, 0x00,
0x02, 0xAB, 0x91, 0x08, 0x20, 0x00,
0x02, 0xAB, 0xE0, 0x00, 0xE2, 0x00,
0x07, 0xFF, 0xD1, 0x08, 0x20, 0x00,
0x02, 0xAD, 0x80, 0x00, 0xE2, 0x00,
0x02, 0xAC, 0x11, 0x08, 0x20, 0x00,
0x02, 0xAC, 0x31, 0x08, 0x22, 0x48,
0x00, 0x00, 0x00, 0x00, 0x00, 0x00,
0x07, 0xFF, 0xB1, 0x08, 0x20, 0x26,
0x02, 0xAD, 0x80, 0x00, 0xE2, 0x00,
0x02, 0xAC, 0x91, 0x08, 0x20, 0x00,
0x07, 0xFF, 0xB1, 0x13, 0x22, 0x48,
0x02, 0xAC, 0x11, 0x08, 0x20, 0x00,
0x02, 0xAD, 0x11, 0x08, 0x20, 0x25,
0x02, 0xAD, 0x20, 0x00, 0xE2, 0x00,
0x02, 0xAC, 0xD1, 0x08, 0x20, 0x00,
0x07, 0xFF, 0xB1, 0x13, 0x22, 0x48,
0x02, 0xAC, 0x11, 0x08, 0x20, 0x00,
0x02, 0xAD, 0x51, 0x08, 0x20, 0x25,
0x02, 0xAD, 0x60, 0x00, 0xE2, 0x00,
0x02, 0xAD, 0xB1, 0x08, 0x20, 0x00,
0x00, 0x00, 0x00, 0x00, 0x00, 0x00,
0x02, 0xAD, 0xE0, 0x00, 0xF0, 0x00,
0x02, 0xAD, 0xF1, 0x08, 0x20, 0x00,
0x07, 0xFF, 0xB1, 0x13, 0x22, 0x48,
0x02, 0xAD, 0x91, 0x08, 0x20, 0x00,
0x07, 0xFF, 0xD1, 0x08, 0x20, 0x25,
0x02, 0xAD, 0x80, 0x00, 0xE2, 0x00,
0x02, 0xAC, 0x11, 0x08, 0x20, 0x00,
0x02, 0xAC, 0x20, 0x00, 0xE2, 0x25,
0x02, 0xAC, 0x51, 0x08, 0x20, 0x00,
0x02, 0xAC, 0x91, 0x08, 0x22, 0x40,
0x02, 0xAD, 0xC0, 0x00, 0xE2, 0x00,
0x02, 0xAC, 0x91, 0x08, 0x20, 0x00,
0x02, 0xAD, 0xD1, 0x14, 0x22, 0x00,
0x02, 0xAC, 0xA0, 0x00, 0xE2, 0x00,
0x02, 0xAD, 0x20, 0x00, 0xC0, 0x00,
0x00, 0x00, 0x1F, 0xFF, 0xA0, 0x00,
0x02, 0xAC, 0xA0, 0x00, 0xC0, 0x00,
0x00, 0x00, 0x00, 0x00, 0x00, 0x00,
0x02, 0xAB, 0xDF, 0xFF, 0x20, 0x80,
0x02, 0xAB, 0xA0, 0x00, 0xE2, 0x00,
0x07, 0xFF, 0xB1, 0x08, 0x20, 0x00,
0x07, 0xFF, 0xBF, 0xFF, 0x22, 0x40,
0x02, 0xAC, 0xE0, 0x00, 0xE2, 0x00,
0x02, 0xAD, 0x60, 0x00, 0xC0, 0x00,
0x00, 0x00, 0x1F, 0xFF, 0xA0, 0x00,
0x02, 0xAC, 0xE0, 0x00, 0xC0, 0x00,
0x00, 0x00, 0x00, 0x00, 0x00, 0x00,
0x02, 0xAB, 0xDF, 0xFF, 0x20, 0x80,
0x02, 0xAB, 0xB1, 0x08, 0x22, 0x00,
0x02, 0xAB, 0xA0, 0x00, 0xE2, 0x00,
0x02, 0xAC, 0x51, 0x08, 0x20, 0x00,
0x02, 0xAD, 0x91, 0x08, 0x22, 0x40,
0x00, 0x00, 0x00, 0x00, 0x00, 0x00,
0x02, 0xAC, 0x60, 0x00, 0xF0, 0x00,
0x00, 0x00, 0x00, 0x00, 0x00, 0x00,
0x02, 0xAB, 0xA0, 0x00, 0xC0, 0x00,
0x02, 0xAB, 0xB1, 0x08, 0x20, 0x00,
0x02, 0xAE, 0x80, 0x00, 0xE2, 0x00,
0x07, 0xFE, 0xE3, 0x5D, 0x02, 0x00,
0x07, 0xFE, 0xE3, 0x5E, 0x12, 0x00,
0x02, 0xAB, 0xBF, 0xFF, 0x20, 0x00,
0x00, 0x10, 0x20, 0x00, 0xE2, 0x00,
0x00, 0x10, 0x40, 0x00, 0xF2, 0x00,
0x02, 0xAE, 0x51, 0x08, 0x20, 0x00,
0x02, 0xAE, 0x43, 0x58, 0x22, 0x40,
0x00, 0x10, 0x43, 0x58, 0x22, 0x00,
0x02, 0xAE, 0x11, 0x08, 0x34, 0x00,
0x02, 0xAE, 0x03, 0x58, 0x22, 0x40,
0x00, 0x10, 0x23, 0x58, 0x22, 0x00,
0x02, 0xAE, 0x20, 0x00, 0xE2, 0x00,
0x02, 0xAE, 0x60, 0x00, 0xF2, 0x00,
0x07, 0xFE, 0xE3, 0x5B, 0x02, 0x00,
0x07, 0xFE, 0xE3, 0x5C, 0x12, 0x00,
0x07, 0xFF, 0xA3, 0x5F, 0x20, 0x00,
0x02, 0xAE, 0xD1, 0x08, 0x22, 0x40,
0x02, 0xAF, 0x40, 0x00, 0xE2, 0x00,
0x02, 0xAF, 0x11, 0x08, 0x20, 0x00,
0x02, 0xAE, 0xD1, 0x08, 0x34, 0x00,
0x02, 0xAF, 0x43, 0x60, 0x22, 0x00,
0x02, 0xAE, 0xE0, 0x00, 0xE2, 0x00,
0x02, 0xAE, 0xE0, 0x00, 0xC0, 0x00,
0x02, 0xAF, 0x20, 0x00, 0xF2, 0x00,
0x00, 0x00, 0x00, 0x00, 0x00, 0x00,
0x02, 0xAE, 0x9F, 0xFF, 0x20, 0x00,
0x02, 0xAE, 0xA0, 0x00, 0xE2, 0x00,
0x00, 0x00, 0x00, 0x00, 0x00, 0x00,
0x07, 0xFF, 0xA3, 0x61, 0x20, 0x00,
0x02, 0xAF, 0x71, 0x08, 0x22, 0x40,
0x02, 0xB1, 0x60, 0x00, 0xE2, 0x00,
0x02, 0xAF, 0xB1, 0x08, 0x20, 0x00,
0x02, 0xAF, 0x71, 0x08, 0x34, 0x00,
0x02, 0xB1, 0x71, 0x14, 0x22, 0x00,
0x02, 0xAF, 0x80, 0x00, 0xE2, 0x00,
0x02, 0xAF, 0x80, 0x00, 0xC0, 0x00,
0x02, 0xAF, 0xC0, 0x00, 0xF2, 0x00,
0x02, 0xAE, 0xBF, 0xFF, 0x40, 0x00,
0x07, 0xFF, 0xA3, 0x62, 0x20, 0x00,
0x02, 0xAF, 0xF1, 0x08, 0x22, 0x40,
0x02, 0xB1, 0x60, 0x00, 0xE2, 0x00,
0x02, 0xB0, 0x31, 0x08, 0x20, 0x00,
0x02, 0xAF, 0xF1, 0x08, 0x34, 0x00,
0x02, 0xB1, 0x71, 0x14, 0x22, 0x00,
0x02, 0xB0, 0x00, 0x00, 0xE2, 0x00,
0x02, 0xB0, 0x00, 0x00, 0xC0, 0x00,
0x02, 0xB0, 0x40, 0x00, 0xF2, 0x00,
0x00, 0x06, 0xBF, 0xFF, 0x44, 0x00,
0x07, 0xFF, 0xA3, 0x63, 0x20, 0x00,
0x02, 0xB0, 0x71, 0x08, 0x22, 0x40,
0x02, 0xB1, 0x60, 0x00, 0xE2, 0x00,
0x02, 0xB0, 0xB1, 0x08, 0x20, 0x00,
0x02, 0xB0, 0x71, 0x08, 0x34, 0x00,
0x02, 0xB1, 0x71, 0x14, 0x22, 0x00,
0x02, 0xB0, 0x80, 0x00, 0xE2, 0x00,
0x02, 0xB0, 0x80, 0x00, 0xC0, 0x00,
0x02, 0xB0, 0xC0, 0x00, 0xF2, 0x00,
0x00, 0x05, 0x3F, 0xFF, 0x44, 0x00,
0x07, 0xFF, 0xA3, 0x64, 0x20, 0x00,
0x02, 0xB0, 0xF1, 0x08, 0x22, 0x40,
0x02, 0xB1, 0x60, 0x00, 0xE2, 0x00,
0x02, 0xB1, 0x31, 0x08, 0x20, 0x00,
0x02, 0xB0, 0xF1, 0x08, 0x34, 0x00,
0x02, 0xB1, 0x71, 0x14, 0x22, 0x00,
0x02, 0xB1, 0x00, 0x00, 0xE2, 0x00,
0x02, 0xB1, 0x00, 0x00, 0xC0, 0x00,
0x02, 0xB1, 0x40, 0x00, 0xF2, 0x00,
0x00, 0x05, 0xFF, 0xFF, 0x44, 0x00,
0x02, 0xB1, 0x80, 0x00, 0xE4, 0x00,
0x02, 0xB1, 0x80, 0x00, 0xC0, 0x00,
0x02, 0xB1, 0x91, 0x08, 0x20, 0x00,
0x02, 0xB2, 0x20, 0x00, 0xE2, 0x00,
0x07, 0xFE, 0xE3, 0x6A, 0x02, 0x00,
0x07, 0xFE, 0xE3, 0x6B, 0x12, 0x00,
0x02, 0xB1, 0x9F, 0xFF, 0x20, 0x00,
0x00, 0x10, 0x20, 0x00, 0xE2, 0x00,
0x00, 0x10, 0x40, 0x00, 0xF2, 0x00,
0x02, 0xB1, 0xF1, 0x08, 0x20, 0x00,
0x02, 0xB1, 0xE3, 0x65, 0x22, 0x40,
0x00, 0x10, 0x43, 0x65, 0x22, 0x00,
0x02, 0xB1, 0xB1, 0x08, 0x34, 0x00,
0x02, 0xB1, 0xA3, 0x65, 0x22, 0x40,
0x00, 0x10, 0x23, 0x65, 0x22, 0x00,
0x02, 0xB1, 0xC0, 0x00, 0xE2, 0x00,
0x02, 0xB2, 0x00, 0x00, 0xF2, 0x00,
0x07, 0xFE, 0xE3, 0x68, 0x02, 0x00,
0x07, 0xFE, 0xE3, 0x69, 0x12, 0x00,
0x07, 0xFF, 0xA3, 0x6C, 0x20, 0x00,
0x02, 0xB2, 0x51, 0x08, 0x22, 0x40,
0x02, 0xB5, 0xC0, 0x00, 0xE2, 0x00,
0x02, 0xB2, 0x91, 0x08, 0x20, 0x00,
0x02, 0xB2, 0x51, 0x08, 0x34, 0x00,
0x02, 0xB5, 0xD1, 0x14, 0x22, 0x00,
0x02, 0xB2, 0x60, 0x00, 0xE2, 0x00,
0x02, 0xB2, 0x60, 0x00, 0xC0, 0x00,
0x02, 0xB2, 0xA0, 0x00, 0xF2, 0x00,
0x02, 0xB2, 0x3F, 0xFF, 0x20, 0x00,
0x02, 0xB5, 0xE0, 0x00, 0xE2, 0x00,
0x07, 0xFF, 0xA3, 0x6D, 0x20, 0x00,
0x02, 0xB2, 0xD1, 0x08, 0x22, 0x40,
0x02, 0xB5, 0xC0, 0x00, 0xE2, 0x00,
0x02, 0xB3, 0x11, 0x08, 0x20, 0x00,
0x02, 0xB2, 0xD1, 0x08, 0x34, 0x00,
0x02, 0xB5, 0xD1, 0x14, 0x22, 0x00,
0x02, 0xB2, 0xE0, 0x00, 0xE2, 0x00,
0x02, 0xB2, 0xE0, 0x00, 0xC0, 0x00,
0x02, 0xB3, 0x20, 0x00, 0xF2, 0x00,
0x02, 0xB2, 0x3F, 0xFF, 0x20, 0x00,
0x02, 0xB6, 0x00, 0x00, 0xE2, 0x00,
0x07, 0xFF, 0xA3, 0x6E, 0x20, 0x00,
0x02, 0xB3, 0x51, 0x08, 0x22, 0x40,
0x02, 0xB5, 0xC0, 0x00, 0xE2, 0x00,
0x02, 0xB3, 0x91, 0x08, 0x20, 0x00,
0x02, 0xB3, 0x51, 0x08, 0x34, 0x00,
0x02, 0xB5, 0xD1, 0x14, 0x22, 0x00,
0x02, 0xB3, 0x60, 0x00, 0xE2, 0x00,
0x02, 0xB3, 0x60, 0x00, 0xC0, 0x00,
0x02, 0xB3, 0xA0, 0x00, 0xF2, 0x00,
0x02, 0xB2, 0x3F, 0xFF, 0x20, 0x00,
0x02, 0xB6, 0x20, 0x00, 0xE2, 0x00,
0x07, 0xFF, 0xA3, 0x6F, 0x20, 0x00,
0x02, 0xB3, 0xD1, 0x08, 0x22, 0x40,
0x02, 0xB5, 0xC0, 0x00, 0xE2, 0x00,
0x02, 0xB4, 0x11, 0x08, 0x20, 0x00,
0x02, 0xB3, 0xD1, 0x08, 0x34, 0x00,
0x02, 0xB5, 0xD1, 0x14, 0x22, 0x00,
0x02, 0xB3, 0xE0, 0x00, 0xE2, 0x00,
0x02, 0xB3, 0xE0, 0x00, 0xC0, 0x00,
0x02, 0xB4, 0x20, 0x00, 0xF2, 0x00,
0x02, 0xB2, 0x3F, 0xFF, 0x20, 0x00,
0x02, 0xB6, 0x40, 0x00, 0xE2, 0x00,
0x07, 0xFF, 0xA3, 0x70, 0x20, 0x00,
0x02, 0xB4, 0x51, 0x08, 0x22, 0x40,
0x02, 0xB5, 0xC0, 0x00, 0xE2, 0x00,
0x02, 0xB4, 0x91, 0x08, 0x20, 0x00,
0x02, 0xB4, 0x51, 0x08, 0x34, 0x00,
0x02, 0xB5, 0xD1, 0x14, 0x22, 0x00,
0x02, 0xB4, 0x60, 0x00, 0xE2, 0x00,
0x02, 0xB4, 0x60, 0x00, 0xC0, 0x00,
0x02, 0xB4, 0xA0, 0x00, 0xF2, 0x00,
0x02, 0xB2, 0x3F, 0xFF, 0x20, 0x00,
0x02, 0xB6, 0x60, 0x00, 0xE2, 0x00,
0x07, 0xFF, 0xA3, 0x71, 0x20, 0x00,
0x02, 0xB4, 0xD1, 0x08, 0x22, 0x40,
0x02, 0xB5, 0xC0, 0x00, 0xE2, 0x00,
0x02, 0xB5, 0x11, 0x08, 0x20, 0x00,
0x02, 0xB4, 0xD1, 0x08, 0x34, 0x00,
0x02, 0xB5, 0xD1, 0x14, 0x22, 0x00,
0x02, 0xB4, 0xE0, 0x00, 0xE2, 0x00,
0x02, 0xB4, 0xE0, 0x00, 0xC0, 0x00,
0x02, 0xB5, 0x20, 0x00, 0xF2, 0x00,
0x02, 0xB2, 0x3F, 0xFF, 0x20, 0x00,
0x02, 0xB6, 0x80, 0x00, 0xE2, 0x00,
0x07, 0xFF, 0xA3, 0x72, 0x20, 0x00,
0x02, 0xB5, 0x51, 0x08, 0x22, 0x40,
0x02, 0xB5, 0xC0, 0x00, 0xE2, 0x00,
0x02, 0xB5, 0x91, 0x08, 0x20, 0x00,
0x02, 0xB5, 0x51, 0x08, 0x34, 0x00,
0x02, 0xB5, 0xD1, 0x14, 0x22, 0x00,
0x02, 0xB5, 0x60, 0x00, 0xE2, 0x00,
0x02, 0xB5, 0x60, 0x00, 0xC0, 0x00,
0x02, 0xB5, 0xA0, 0x00, 0xF2, 0x00,
0x02, 0xB2, 0x3F, 0xFF, 0x20, 0x00,
0x02, 0xB6, 0xA0, 0x00, 0xE2, 0x00,
0x07, 0xFF, 0xA3, 0x73, 0x20, 0x00,
0x02, 0xB6, 0xF1, 0x08, 0x22, 0x40,
0x02, 0xB7, 0x60, 0x00, 0xE2, 0x00,
0x02, 0xB7, 0x31, 0x08, 0x20, 0x00,
0x02, 0xB6, 0xF1, 0x08, 0x34, 0x00,
0x02, 0xB7, 0x63, 0x74, 0x22, 0x00,
0x02, 0xB7, 0x00, 0x00, 0xE2, 0x00,
0x02, 0xB7, 0x00, 0x00, 0xC0, 0x00,
0x02, 0xB7, 0x40, 0x00, 0xF2, 0x00,
0x00, 0x00, 0x00, 0x00, 0x00, 0x00,
0x02, 0xB5, 0xFF, 0xFF, 0x20, 0x00,
0x02, 0xB6, 0xC0, 0x00, 0xE2, 0x00,
0x00, 0x00, 0x00, 0x00, 0x00, 0x00,
0x07, 0xFF, 0xA3, 0x75, 0x20, 0x00,
0x02, 0xB7, 0xB1, 0x08, 0x22, 0x40,
0x02, 0xB8, 0x20, 0x00, 0xE2, 0x00,
0x02, 0xB7, 0xF1, 0x08, 0x20, 0x00,
0x02, 0xB7, 0xB1, 0x08, 0x34, 0x00,
0x02, 0xB8, 0x23, 0x76, 0x22, 0x00,
0x02, 0xB7, 0xC0, 0x00, 0xE2, 0x00,
0x02, 0xB7, 0xC0, 0x00, 0xC0, 0x00,
0x02, 0xB8, 0x00, 0x00, 0xF2, 0x00,
0x00, 0x00, 0x00, 0x00, 0x00, 0x00,
0x02, 0xB6, 0x1F, 0xFF, 0x20, 0x00,
0x02, 0xB7, 0x80, 0x00, 0xE2, 0x00,
0x00, 0x00, 0x00, 0x00, 0x00, 0x00,
0x07, 0xFF, 0xA3, 0x77, 0x20, 0x00,
0x02, 0xB8, 0x71, 0x08, 0x22, 0x40,
0x02, 0xB8, 0xE0, 0x00, 0xE2, 0x00,
0x02, 0xB8, 0xB1, 0x08, 0x20, 0x00,
0x02, 0xB8, 0x71, 0x08, 0x34, 0x00,
0x02, 0xB8, 0xE3, 0x78, 0x22, 0x00,
0x02, 0xB8, 0x80, 0x00, 0xE2, 0x00,
0x02, 0xB8, 0x80, 0x00, 0xC0, 0x00,
0x02, 0xB8, 0xC0, 0x00, 0xF2, 0x00,
0x00, 0x00, 0x00, 0x00, 0x00, 0x00,
0x02, 0xB6, 0x3F, 0xFF, 0x20, 0x00,
0x02, 0xB8, 0x40, 0x00, 0xE2, 0x00,
0x00, 0x00, 0x00, 0x00, 0x00, 0x00,
0x07, 0xFF, 0xA3, 0x79, 0x20, 0x00,
0x02, 0xB9, 0x31, 0x08, 0x22, 0x40,
0x02, 0xB9, 0xA0, 0x00, 0xE2, 0x00,
0x02, 0xB9, 0x71, 0x08, 0x20, 0x00,
0x02, 0xB9, 0x31, 0x08, 0x34, 0x00,
0x02, 0xB9, 0xA3, 0x7A, 0x22, 0x00,
0x02, 0xB9, 0x40, 0x00, 0xE2, 0x00,
0x02, 0xB9, 0x40, 0x00, 0xC0, 0x00,
0x02, 0xB9, 0x80, 0x00, 0xF2, 0x00,
0x00, 0x00, 0x00, 0x00, 0x00, 0x00,
0x02, 0xB6, 0x5F, 0xFF, 0x20, 0x00,
0x02, 0xB9, 0x00, 0x00, 0xE2, 0x00,
0x00, 0x00, 0x00, 0x00, 0x00, 0x00,
0x07, 0xFF, 0xA3, 0x7B, 0x20, 0x00,
0x02, 0xB9, 0xF1, 0x08, 0x22, 0x40,
0x02, 0xBA, 0x60, 0x00, 0xE2, 0x00,
0x02, 0xBA, 0x31, 0x08, 0x20, 0x00,
0x02, 0xB9, 0xF1, 0x08, 0x34, 0x00,
0x02, 0xBA, 0x63, 0x7C, 0x22, 0x00,
0x02, 0xBA, 0x00, 0x00, 0xE2, 0x00,
0x02, 0xBA, 0x00, 0x00, 0xC0, 0x00,
0x02, 0xBA, 0x40, 0x00, 0xF2, 0x00,
0x00, 0x00, 0x00, 0x00, 0x00, 0x00,
0x02, 0xB6, 0x7F, 0xFF, 0x20, 0x00,
0x02, 0xB9, 0xC0, 0x00, 0xE2, 0x00,
0x00, 0x00, 0x00, 0x00, 0x00, 0x00,
0x07, 0xFF, 0xA3, 0x7D, 0x20, 0x00,
0x02, 0xBA, 0xB1, 0x08, 0x22, 0x40,
0x02, 0xBB, 0x20, 0x00, 0xE2, 0x00,
0x02, 0xBA, 0xF1, 0x08, 0x20, 0x00,
0x02, 0xBA, 0xB1, 0x08, 0x34, 0x00,
0x02, 0xBB, 0x23, 0x7E, 0x22, 0x00,
0x02, 0xBA, 0xC0, 0x00, 0xE2, 0x00,
0x02, 0xBA, 0xC0, 0x00, 0xC0, 0x00,
0x02, 0xBB, 0x00, 0x00, 0xF2, 0x00,
0x00, 0x00, 0x00, 0x00, 0x00, 0x00,
0x02, 0xB6, 0x9F, 0xFF, 0x20, 0x00,
0x02, 0xBA, 0x80, 0x00, 0xE2, 0x00,
0x00, 0x00, 0x00, 0x00, 0x00, 0x00,
0x07, 0xFF, 0xA3, 0x7F, 0x20, 0x00,
0x02, 0xBB, 0x71, 0x08, 0x22, 0x40,
0x02, 0xBB, 0xE0, 0x00, 0xE2, 0x00,
0x02, 0xBB, 0xB1, 0x08, 0x20, 0x00,
0x02, 0xBB, 0x71, 0x08, 0x34, 0x00,
0x02, 0xBB, 0xE3, 0x80, 0x22, 0x00,
0x02, 0xBB, 0x80, 0x00, 0xE2, 0x00,
0x02, 0xBB, 0x80, 0x00, 0xC0, 0x00,
0x02, 0xBB, 0xC0, 0x00, 0xF2, 0x00,
0x00, 0x00, 0x00, 0x00, 0x00, 0x00,
0x02, 0xB6, 0xBF, 0xFF, 0x20, 0x00,
0x02, 0xBB, 0x40, 0x00, 0xE2, 0x00,
0x00, 0x00, 0x00, 0x00, 0x00, 0x00,
0x07, 0xFF, 0xA3, 0x81, 0x20, 0x00,
0x02, 0xBC, 0x80, 0x00, 0xE2, 0x00,
0x02, 0xB8, 0x51, 0x08, 0x20, 0x00,
0x02, 0xBC, 0x20, 0x00, 0xE2, 0x00,
0x00, 0x25, 0xF1, 0x08, 0x20, 0x00,
0x02, 0xBC, 0x40, 0x00, 0xE2, 0x00,
0x07, 0xFF, 0xD1, 0x08, 0x20, 0x00,
0x02, 0xBD, 0xE0, 0x00, 0xE2, 0x00,
0x02, 0xBC, 0x71, 0x08, 0x20, 0x00,
0x02, 0xBC, 0x91, 0x08, 0x22, 0x48,
0x00, 0x00, 0x00, 0x00, 0x00, 0x00,
0x07, 0xFF, 0xB1, 0x08, 0x20, 0x26,
0x02, 0xBD, 0xE0, 0x00, 0xE2, 0x00,
0x02, 0xBC, 0xF1, 0x08, 0x20, 0x00,
0x07, 0xFF, 0xB1, 0x13, 0x22, 0x48,
0x02, 0xBC, 0x71, 0x08, 0x20, 0x00,
0x02, 0xBD, 0x71, 0x08, 0x20, 0x25,
0x02, 0xBD, 0x80, 0x00, 0xE2, 0x00,
0x02, 0xBD, 0x31, 0x08, 0x20, 0x00,
0x07, 0xFF, 0xB1, 0x13, 0x22, 0x48,
0x02, 0xBC, 0x71, 0x08, 0x20, 0x00,
0x02, 0xBD, 0xB1, 0x08, 0x20, 0x25,
0x02, 0xBD, 0xC0, 0x00, 0xE2, 0x00,
0x02, 0xBE, 0x11, 0x08, 0x20, 0x00,
0x00, 0x00, 0x00, 0x00, 0x00, 0x00,
0x02, 0xBE, 0x40, 0x00, 0xF0, 0x00,
0x02, 0xBE, 0x51, 0x08, 0x20, 0x00,
0x07, 0xFF, 0xB1, 0x13, 0x22, 0x48,
0x02, 0xBD, 0xF1, 0x08, 0x20, 0x00,
0x07, 0xFF, 0xD1, 0x08, 0x20, 0x25,
0x02, 0xBD, 0xE0, 0x00, 0xE2, 0x00,
0x02, 0xBC, 0x71, 0x08, 0x20, 0x00,
0x02, 0xBC, 0x80, 0x00, 0xE2, 0x25,
0x02, 0xBC, 0xB1, 0x08, 0x20, 0x00,
0x02, 0xBC, 0xF1, 0x08, 0x22, 0x40,
0x02, 0xBE, 0x20, 0x00, 0xE2, 0x00,
0x02, 0xBC, 0xF1, 0x08, 0x20, 0x00,
0x02, 0xBE, 0x31, 0x14, 0x22, 0x00,
0x02, 0xBD, 0x00, 0x00, 0xE2, 0x00,
0x02, 0xBD, 0x80, 0x00, 0xC0, 0x00,
0x00, 0x00, 0x1F, 0xFF, 0xA0, 0x00,
0x02, 0xBD, 0x00, 0x00, 0xC0, 0x00,
0x00, 0x00, 0x00, 0x00, 0x00, 0x00,
0x02, 0xBC, 0x3F, 0xFF, 0x20, 0x80,
0x02, 0xBC, 0x00, 0x00, 0xE2, 0x00,
0x07, 0xFF, 0xB1, 0x08, 0x20, 0x00,
0x07, 0xFF, 0xBF, 0xFF, 0x22, 0x40,
0x02, 0xBD, 0x40, 0x00, 0xE2, 0x00,
0x02, 0xBD, 0xC0, 0x00, 0xC0, 0x00,
0x00, 0x00, 0x1F, 0xFF, 0xA0, 0x00,
0x02, 0xBD, 0x40, 0x00, 0xC0, 0x00,
0x00, 0x00, 0x00, 0x00, 0x00, 0x00,
0x02, 0xBC, 0x3F, 0xFF, 0x20, 0x80,
0x02, 0xBC, 0x11, 0x08, 0x22, 0x00,
0x02, 0xBC, 0x00, 0x00, 0xE2, 0x00,
0x02, 0xBC, 0xB1, 0x08, 0x20, 0x00,
0x02, 0xBD, 0xF1, 0x08, 0x22, 0x40,
0x00, 0x00, 0x00, 0x00, 0x00, 0x00,
0x02, 0xBC, 0xC0, 0x00, 0xF0, 0x00,
0x00, 0x00, 0x00, 0x00, 0x00, 0x00,
0x02, 0xB6, 0xD1, 0x08, 0x20, 0x00,
0x04, 0x28, 0x00, 0x00, 0xE2, 0x00,
0x02, 0xB7, 0x91, 0x08, 0x20, 0x00,
0x04, 0x18, 0x40, 0x00, 0xE2, 0x00,
0x02, 0xB9, 0x11, 0x08, 0x20, 0x00,
0x04, 0x18, 0x80, 0x00, 0xE2, 0x00,
0x02, 0xB9, 0xD1, 0x08, 0x20, 0x00,
0x04, 0x19, 0xC0, 0x00, 0xE2, 0x00,
0x02, 0xBA, 0x91, 0x08, 0x20, 0x00,
0x04, 0x1A, 0x00, 0x00, 0xE2, 0x00,
0x02, 0xBB, 0x51, 0x08, 0x20, 0x00,
0x04, 0x1A, 0x20, 0x00, 0xE2, 0x00,
0x07, 0xFF, 0xA3, 0x82, 0x20, 0x00,
0x02, 0xBF, 0x80, 0x00, 0xE2, 0x00,
0x02, 0xB6, 0xD1, 0x08, 0x20, 0x00,
0x02, 0xBE, 0x80, 0x00, 0xE2, 0x00,
0x02, 0xB7, 0x91, 0x08, 0x20, 0x00,
0x02, 0xBE, 0xA0, 0x00, 0xE2, 0x00,
0x02, 0xB8, 0x51, 0x08, 0x20, 0x00,
0x02, 0xBE, 0xC0, 0x00, 0xE2, 0x00,
0x02, 0xB9, 0x11, 0x08, 0x20, 0x00,
0x02, 0xBE, 0xE0, 0x00, 0xE2, 0x00,
0x02, 0xB9, 0xD1, 0x08, 0x20, 0x00,
0x02, 0xBF, 0x00, 0x00, 0xE2, 0x00,
0x02, 0xBA, 0x91, 0x08, 0x20, 0x00,
0x02, 0xBF, 0x20, 0x00, 0xE2, 0x00,
0x02, 0xBB, 0x51, 0x08, 0x20, 0x00,
0x02, 0xBF, 0x40, 0x00, 0xE2, 0x00,
0x07, 0xFF, 0xD1, 0x08, 0x20, 0x00,
0x02, 0xC0, 0xE0, 0x00, 0xE2, 0x00,
0x02, 0xBF, 0x71, 0x08, 0x20, 0x00,
0x02, 0xBF, 0x91, 0x08, 0x22, 0x48,
0x00, 0x00, 0x00, 0x00, 0x00, 0x00,
0x07, 0xFF, 0xB1, 0x08, 0x20, 0x26,
0x02, 0xC0, 0xE0, 0x00, 0xE2, 0x00,
0x02, 0xBF, 0xF1, 0x08, 0x20, 0x00,
0x07, 0xFF, 0xB1, 0x13, 0x22, 0x48,
0x02, 0xBF, 0x71, 0x08, 0x20, 0x00,
0x02, 0xC0, 0x71, 0x08, 0x20, 0x25,
0x02, 0xC0, 0x80, 0x00, 0xE2, 0x00,
0x02, 0xC0, 0x31, 0x08, 0x20, 0x00,
0x07, 0xFF, 0xB1, 0x13, 0x22, 0x48,
0x02, 0xBF, 0x71, 0x08, 0x20, 0x00,
0x02, 0xC0, 0xB1, 0x08, 0x20, 0x25,
0x02, 0xC0, 0xC0, 0x00, 0xE2, 0x00,
0x02, 0xC1, 0x11, 0x08, 0x20, 0x00,
0x00, 0x00, 0x00, 0x00, 0x00, 0x00,
0x02, 0xC1, 0x40, 0x00, 0xF0, 0x00,
0x02, 0xC1, 0x51, 0x08, 0x20, 0x00,
0x07, 0xFF, 0xB1, 0x13, 0x22, 0x48,
0x02, 0xC0, 0xF1, 0x08, 0x20, 0x00,
0x07, 0xFF, 0xD1, 0x08, 0x20, 0x25,
0x02, 0xC0, 0xE0, 0x00, 0xE2, 0x00,
0x02, 0xBF, 0x71, 0x08, 0x20, 0x00,
0x02, 0xBF, 0x80, 0x00, 0xE2, 0x25,
0x02, 0xBF, 0xB1, 0x08, 0x20, 0x00,
0x02, 0xBF, 0xF1, 0x08, 0x22, 0x40,
0x02, 0xC1, 0x20, 0x00, 0xE2, 0x00,
0x02, 0xBF, 0xF1, 0x08, 0x20, 0x00,
0x02, 0xC1, 0x31, 0x14, 0x22, 0x00,
0x02, 0xC0, 0x00, 0x00, 0xE2, 0x00,
0x02, 0xC0, 0x80, 0x00, 0xC0, 0x00,
0x00, 0x00, 0x1F, 0xFF, 0xA0, 0x00,
0x02, 0xC0, 0x00, 0x00, 0xC0, 0x00,
0x00, 0x00, 0x00, 0x00, 0x00, 0x00,
0x02, 0xBE, 0x9F, 0xFF, 0x20, 0x80,
0x02, 0xBE, 0x60, 0x00, 0xE2, 0x00,
0x07, 0xFF, 0xB1, 0x08, 0x20, 0x00,
0x07, 0xFF, 0xBF, 0xFF, 0x22, 0x40,
0x02, 0xC0, 0x40, 0x00, 0xE2, 0x00,
0x02, 0xC0, 0xC0, 0x00, 0xC0, 0x00,
0x00, 0x00, 0x1F, 0xFF, 0xA0, 0x00,
0x02, 0xC0, 0x40, 0x00, 0xC0, 0x00,
0x00, 0x00, 0x00, 0x00, 0x00, 0x00,
0x02, 0xBE, 0x9F, 0xFF, 0x20, 0x80,
0x02, 0xBE, 0x71, 0x08, 0x22, 0x00,
0x02, 0xBE, 0x60, 0x00, 0xE2, 0x00,
0x02, 0xBF, 0xB1, 0x08, 0x20, 0x00,
0x02, 0xC0, 0xF1, 0x08, 0x22, 0x40,
0x00, 0x00, 0x00, 0x00, 0x00, 0x00,
0x02, 0xBF, 0xC0, 0x00, 0xF0, 0x00,
0x00, 0x00, 0x00, 0x00, 0x00, 0x00,
0x02, 0xBE, 0x60, 0x00, 0xC0, 0x00,
0x02, 0xBE, 0x71, 0x08, 0x20, 0x00,
0x02, 0xC1, 0xE0, 0x00, 0xE2, 0x00,
0x07, 0xFE, 0xE3, 0x88, 0x02, 0x00,
0x07, 0xFE, 0xE3, 0x89, 0x12, 0x00,
0x02, 0xBE, 0x7F, 0xFF, 0x20, 0x00,
0x00, 0x10, 0x20, 0x00, 0xE2, 0x00,
0x00, 0x10, 0x40, 0x00, 0xF2, 0x00,
0x02, 0xC1, 0xB1, 0x08, 0x20, 0x00,
0x02, 0xC1, 0xA3, 0x83, 0x22, 0x40,
0x00, 0x10, 0x43, 0x83, 0x22, 0x00,
0x02, 0xC1, 0x71, 0x08, 0x34, 0x00,
0x02, 0xC1, 0x63, 0x83, 0x22, 0x40,
0x00, 0x10, 0x23, 0x83, 0x22, 0x00,
0x02, 0xC1, 0x80, 0x00, 0xE2, 0x00,
0x02, 0xC1, 0xC0, 0x00, 0xF2, 0x00,
0x07, 0xFE, 0xE3, 0x86, 0x02, 0x00,
0x07, 0xFE, 0xE3, 0x87, 0x12, 0x00,
0x02, 0xBC, 0x11, 0x08, 0x20, 0x00,
0x04, 0x18, 0x60, 0x00, 0xE2, 0x00,
0x02, 0xC1, 0xF1, 0x08, 0x20, 0x00,
0x07, 0xFF, 0xD1, 0x08, 0x30, 0x00,
0x02, 0xC2, 0xC0, 0x00, 0xE2, 0x00,
0x02, 0xC2, 0x91, 0x08, 0x20, 0x00,
0x02, 0xC2, 0x83, 0x8A, 0x22, 0x40,
0x02, 0xC2, 0xC3, 0x8A, 0x22, 0x00,
0x02, 0xC2, 0xA0, 0x00, 0xE2, 0x00,
0x02, 0xC2, 0x00, 0x00, 0xE2, 0x00,
0x03, 0xFF, 0x31, 0x08, 0x20, 0x00,
0x03, 0xFF, 0x00, 0x00, 0xE2, 0x00,
0x03, 0xFF, 0x71, 0x08, 0x20, 0x00,
0x03, 0xFF, 0x40, 0x00, 0xE2, 0x00,
0x03, 0xFF, 0x51, 0x08, 0x20, 0x00,
0x02, 0xC2, 0xB1, 0x08, 0x40, 0x08,
0x03, 0xFF, 0x03, 0x8B, 0x20, 0x00,
0x03, 0xFF, 0x43, 0x8B, 0x34, 0x00,
0x03, 0xFF, 0x60, 0x00, 0xE2, 0x00,
0x03, 0xFF, 0x20, 0x00, 0xF2, 0x00,
0x03, 0xFF, 0x03, 0x8D, 0x20, 0x00,
0x03, 0xFF, 0x43, 0x8D, 0x34, 0x00,
0x03, 0xFF, 0x60, 0x00, 0xE2, 0x22,
0x03, 0xFF, 0x20, 0x00, 0xF2, 0x22,
0x03, 0xFF, 0xB1, 0x08, 0x20, 0x00,
0x03, 0xFF, 0x80, 0x00, 0xE2, 0x00,
0x03, 0xFF, 0xF1, 0x08, 0x20, 0x00,
0x03, 0xFF, 0xC0, 0x00, 0xE2, 0x00,
0x03, 0xFF, 0xD1, 0x08, 0x20, 0x00,
0x02, 0xC2, 0xB1, 0x08, 0x40, 0x08,
0x03, 0xFF, 0x83, 0x8C, 0x20, 0x00,
0x03, 0xFF, 0xC3, 0x8C, 0x34, 0x00,
0x03, 0xFF, 0xE0, 0x00, 0xE2, 0x00,
0x03, 0xFF, 0xA0, 0x00, 0xF2, 0x00,
0x03, 0xFF, 0x83, 0x8E, 0x20, 0x00,
0x03, 0xFF, 0xC3, 0x8E, 0x34, 0x00,
0x03, 0xFF, 0xE0, 0x00, 0xE2, 0x22,
0x03, 0xFF, 0xA0, 0x00, 0xF2, 0x22,
0x03, 0xFF, 0x71, 0x08, 0x40, 0x00,
0x03, 0xFF, 0xF1, 0x08, 0x20, 0x08,
0x00, 0x00, 0x00, 0x00, 0x00, 0x00,
0x03, 0xFF, 0x60, 0x00, 0xE2, 0x22,
0x03, 0xFF, 0x20, 0x00, 0xF2, 0x22,
0x03, 0xFF, 0x71, 0x08, 0x20, 0x00,
0x02, 0xC2, 0x20, 0x00, 0xE2, 0x00,
0x03, 0xFF, 0xF1, 0x08, 0x20, 0x00,
0x02, 0xC2, 0x40, 0x00, 0xE2, 0x00,
0x03, 0xFF, 0x71, 0x08, 0x20, 0x00,
0x03, 0xFF, 0xF1, 0x08, 0x22, 0x40,
0x02, 0xC2, 0x60, 0x00, 0xE2, 0x00,
0x07, 0xFF, 0xA3, 0x8F, 0x20, 0x00,
0x02, 0xC3, 0x11, 0x08, 0x22, 0x40,
0x02, 0xC3, 0x80, 0x00, 0xE2, 0x00,
0x02, 0xC3, 0x51, 0x08, 0x20, 0x00,
0x02, 0xC3, 0x11, 0x08, 0x34, 0x00,
0x02, 0xC3, 0x83, 0x90, 0x22, 0x00,
0x02, 0xC3, 0x20, 0x00, 0xE2, 0x00,
0x02, 0xC3, 0x20, 0x00, 0xC0, 0x00,
0x02, 0xC3, 0x60, 0x00, 0xF2, 0x00,
0x00, 0x00, 0x00, 0x00, 0x00, 0x00,
0x02, 0xC1, 0xFF, 0xFF, 0x20, 0x00,
0x02, 0xC2, 0xE0, 0x00, 0xE2, 0x00,
0x00, 0x00, 0x00, 0x00, 0x00, 0x00,
0x02, 0xC2, 0x71, 0x08, 0x20, 0x00,
0x00, 0x00, 0x00, 0x00, 0x00, 0x00,
0x02, 0xC3, 0xC0, 0x00, 0xF0, 0x00,
0x07, 0xFF, 0xA3, 0x93, 0x30, 0x48,
0x07, 0xFF, 0xB1, 0x04, 0x20, 0x00,
0x02, 0xC3, 0xE3, 0x91, 0x20, 0x27,
0x02, 0xC4, 0x00, 0x00, 0xE2, 0x00,
0x07, 0xFF, 0xA3, 0x92, 0x22, 0x48,
0x07, 0xFF, 0xD1, 0x08, 0x20, 0x00,
0x07, 0xFF, 0xB1, 0x08, 0x20, 0x27,
0x02, 0xC3, 0xA0, 0x00, 0xE2, 0x00,
0x02, 0xC2, 0xF1, 0x08, 0x20, 0x00,
0x04, 0x18, 0x20, 0x00, 0xE2, 0x00,
0x02, 0xC3, 0xB1, 0x08, 0x20, 0x00,
0x07, 0xFE, 0xF2, 0x42, 0x02, 0x00,
0x00, 0x00, 0x00, 0x00, 0x00, 0x00,
0x06, 0x00, 0xC0, 0x00, 0x00, 0x00,
0x00, 0x00, 0x00, 0x00, 0x00, 0x00,
0x06, 0x03, 0x00, 0x10, 0x00, 0x00,
0x00, 0x00, 0x00, 0x00, 0x00, 0x00,
0x06, 0x01, 0x60, 0x00, 0x00, 0x00,
0x00, 0x00, 0x18, 0x0B, 0x00, 0x00,
0x06, 0x03, 0xAB, 0x80, 0x00, 0x00,
0x06, 0x00, 0xD8, 0x06, 0x20, 0x00,
0x06, 0x00, 0x38, 0x01, 0x22, 0x00,
0x06, 0x00, 0xD8, 0x06, 0x34, 0x00,
0x06, 0x00, 0xD8, 0x06, 0x22, 0x00,
0x06, 0x01, 0x38, 0x06, 0x22, 0x00,
0x06, 0x00, 0xD8, 0x06, 0x22, 0x00,
0x06, 0x00, 0x78, 0x09, 0x22, 0x00,
0x06, 0x01, 0x00, 0x00, 0xF2, 0x00,
0x06, 0x00, 0xC0, 0x00, 0xE2, 0x00,
0x06, 0x03, 0xE0, 0x00, 0x00, 0x00,
0x06, 0x04, 0x20, 0x00, 0x00, 0x00,
0x06, 0x03, 0x60, 0x00, 0x00, 0x00,
0x00, 0x00, 0x00, 0x00, 0x00, 0x00,
};

/* DSP Parameter (Coefficient) Data */
#define PARAM_SIZE_IC_1 3664
#define PARAM_ADDR_IC_1 0
ADI_REG_TYPE Param_Data_IC_1[PARAM_SIZE_IC_1] = {
0x00, 0x00, 0x1F, 0xB8,
0x00, 0x00, 0x00, 0x00,
0x00, 0x00, 0x00, 0x00,
0x00, 0x00, 0x00, 0x00,
0x00, 0x00, 0x00, 0x00,
0x00, 0x00, 0x00, 0x00,
0x00, 0x00, 0x00, 0x00,
0x00, 0x00, 0x00, 0x00,
0x00, 0x00, 0x00, 0x00,
0x00, 0x00, 0x01, 0x5E,
0x00, 0x4C, 0xCC, 0xCD,
0x00, 0x80, 0x00, 0x00,
0x00, 0x00, 0x00, 0x00,
0x00, 0x00, 0x00, 0xFF,
0x00, 0x05, 0x55, 0x55,
0x00, 0x00, 0x00, 0x00,
0x00, 0x00, 0x00, 0xFF,
0x00, 0x00, 0x1B, 0x4F,
0x00, 0x6A, 0xAA, 0xAB,
0x00, 0x80, 0x00, 0x00,
0x00, 0x00, 0x04, 0x00,
0x00, 0x04, 0x6C, 0xE1,
0x00, 0x80, 0x00, 0x00,
0x00, 0x00, 0x00, 0xFF,
0x00, 0x6A, 0xAA, 0xAB,
0x00, 0x00, 0x00, 0x00,
0x00, 0x00, 0x00, 0x00,
0x00, 0x00, 0x20, 0x00,
0x00, 0x00, 0x00, 0x00,
0x00, 0x00, 0x20, 0x00,
0x00, 0x00, 0x00, 0x00,
0x00, 0x00, 0x20, 0x00,
0x00, 0x00, 0x00, 0x00,
0x00, 0x00, 0x20, 0x00,
0x00, 0x00, 0x00, 0x00,
0x00, 0x00, 0x20, 0x00,
0x00, 0x00, 0x00, 0x00,
0x00, 0x00, 0x20, 0x00,
0x00, 0x00, 0x00, 0x00,
0x00, 0x00, 0x20, 0x00,
0x00, 0x00, 0x00, 0x00,
0x00, 0x00, 0x20, 0x00,
0x00, 0x00, 0x00, 0x00,
0x00, 0x00, 0x20, 0x00,
0x00, 0x00, 0x00, 0x00,
0x00, 0x00, 0x20, 0x00,
0x00, 0x00, 0x00, 0x00,
0x00, 0x00, 0x20, 0x00,
0x00, 0x00, 0x00, 0x00,
0x00, 0x00, 0x20, 0x00,
0x00, 0x00, 0x00, 0x00,
0x00, 0x00, 0x20, 0x00,
0x00, 0x00, 0x00, 0x00,
0x00, 0x00, 0x20, 0x00,
0x00, 0x00, 0x4E, 0xB0,
0x00, 0x00, 0x01, 0xE0,
0x00, 0x00, 0x07, 0x1C,
0x00, 0x00, 0x00, 0x00,
0x00, 0x00, 0x00, 0x00,
0x00, 0x00, 0x00, 0x00,
0x00, 0x00, 0x00, 0x00,
0x00, 0x00, 0x4E, 0xB0,
0x00, 0x00, 0x01, 0xE0,
0x00, 0x00, 0x07, 0x1C,
0x00, 0x00, 0x00, 0x00,
0x00, 0x00, 0x00, 0x00,
0x00, 0x00, 0x00, 0x00,
0x00, 0x00, 0x00, 0x00,
0x00, 0x00, 0x4E, 0xB0,
0x00, 0x00, 0x01, 0xE0,
0x00, 0x00, 0x07, 0x1C,
0x00, 0x00, 0x00, 0x00,
0x00, 0x00, 0x00, 0x00,
0x00, 0x00, 0x00, 0x00,
0x00, 0x00, 0x00, 0x00,
0x00, 0x00, 0x4E, 0xB0,
0x00, 0x00, 0x01, 0xE0,
0x00, 0x00, 0x07, 0x1C,
0x00, 0x00, 0x00, 0x00,
0x00, 0x00, 0x00, 0x00,
0x00, 0x00, 0x00, 0x00,
0x00, 0x00, 0x00, 0x00,
0x00, 0x80, 0x00, 0x00,
0x00, 0x00, 0x20, 0x00,
0x00, 0x00, 0x00, 0x00,
0x00, 0x00, 0x20, 0x00,
0x00, 0x72, 0x14, 0x83,
0x00, 0x00, 0x00, 0x00,
0x00, 0x00, 0x00, 0x00,
0x00, 0x72, 0x14, 0x83,
0x00, 0x00, 0x00, 0x00,
0x00, 0x00, 0x00, 0x00,
0x00, 0x72, 0x14, 0x83,
0x00, 0x00, 0x00, 0x00,
0x00, 0x00, 0x00, 0x00,
0x00, 0x72, 0x14, 0x83,
0x00, 0x00, 0x00, 0x00,
0x00, 0x00, 0x00, 0x00,
0x00, 0x72, 0x14, 0x83,
0x00, 0x00, 0x00, 0x00,
0x00, 0x00, 0x00, 0x00,
0x00, 0x72, 0x14, 0x83,
0x00, 0x00, 0x00, 0x00,
0x00, 0x00, 0x00, 0x00,
0x00, 0x00, 0x00, 0x01,
0x00, 0x00, 0x80, 0x6D,
0x00, 0x80, 0x4E, 0xB0,
0x00, 0x80, 0x00, 0x28,
0x00, 0x7F, 0xFE, 0x6E,
0x00, 0x7F, 0xD8, 0xBA,
0x00, 0x00, 0x80, 0x6D,
0x00, 0x80, 0x4E, 0xB0,
0x00, 0x80, 0x00, 0x28,
0x00, 0x7F, 0xFE, 0x6E,
0x00, 0x7F, 0xD8, 0xBA,
0x00, 0x00, 0x80, 0x6D,
0x00, 0x80, 0x4E, 0xB0,
0x00, 0x80, 0x00, 0x28,
0x00, 0x7F, 0xFE, 0x6E,
0x00, 0x7F, 0xD8, 0xBA,
0x00, 0x00, 0x80, 0x6D,
0x00, 0x80, 0x4E, 0xB0,
0x00, 0x80, 0x00, 0x28,
0x00, 0x7F, 0xFE, 0x6E,
0x00, 0x7F, 0xD8, 0xBA,
0x00, 0x80, 0x00, 0x00,
0x00, 0x80, 0x00, 0x00,
0x00, 0x80, 0x00, 0x00,
0x00, 0x80, 0x00, 0x00,
0x00, 0x80, 0x00, 0x00,
0x00, 0x80, 0x00, 0x00,
0x00, 0x80, 0x00, 0x00,
0x00, 0x80, 0x00, 0x00,
0x00, 0x80, 0x00, 0x00,
0x00, 0x80, 0x00, 0x00,
0x00, 0x80, 0x00, 0x00,
0x00, 0x80, 0x00, 0x00,
0x00, 0x80, 0x00, 0x00,
0x00, 0x7F, 0xFE, 0x1B,
0x00, 0x00, 0x03, 0x47,
0x00, 0x07, 0x32, 0xAE,
0x00, 0x7F, 0xFE, 0x1B,
0x00, 0x00, 0x03, 0x47,
0x00, 0x07, 0x32, 0xAE,
0x00, 0x7F, 0xFE, 0x1B,
0x00, 0x00, 0x03, 0x47,
0x00, 0x07, 0x32, 0xAE,
0x00, 0x7F, 0xFE, 0x1B,
0x00, 0x00, 0x03, 0x47,
0x00, 0x07, 0x32, 0xAE,
0x00, 0x00, 0x4E, 0xB0,
0x00, 0x00, 0x01, 0xE0,
0x00, 0x00, 0x07, 0x1C,
0x00, 0x00, 0x00, 0x00,
0x00, 0x00, 0x00, 0x00,
0x00, 0x00, 0x00, 0x00,
0x00, 0x00, 0x00, 0x00,
0x00, 0x00, 0x4E, 0xB0,
0x00, 0x00, 0x01, 0xE0,
0x00, 0x00, 0x07, 0x1C,
0x00, 0x00, 0x00, 0x00,
0x00, 0x00, 0x00, 0x00,
0x00, 0x00, 0x00, 0x00,
0x00, 0x00, 0x00, 0x00,
0x00, 0x80, 0x00, 0x00,
0x00, 0x00, 0x00, 0x00,
0x00, 0x00, 0x00, 0x00,
0x00, 0x00, 0x80, 0x6D,
0x00, 0x80, 0x4E, 0xB0,
0x00, 0x80, 0x00, 0x28,
0x00, 0x7F, 0xFE, 0x6E,
0x00, 0x7F, 0xD8, 0xBA,
0x00, 0x00, 0x00, 0x00,
0x00, 0x00, 0x20, 0x00,
0x00, 0x80, 0x00, 0x00,
0x00, 0x00, 0x00, 0x00,
0x00, 0x00, 0x00, 0x00,
0x00, 0x80, 0x00, 0x00,
0xFF, 0x06, 0x56, 0xA2,
0x00, 0x7A, 0x32, 0x81,
0xFF, 0x85, 0xCD, 0x7F,
0x00, 0xF9, 0xA9, 0x5E,
0x00, 0x80, 0x00, 0x00,
0xFF, 0x06, 0x56, 0xA2,
0x00, 0x7A, 0x32, 0x81,
0xFF, 0x85, 0xCD, 0x7F,
0x00, 0xF9, 0xA9, 0x5E,
0x00, 0x80, 0x00, 0x00,
0xFF, 0x0D, 0x6B, 0x11,
0x00, 0x74, 0xAC, 0xCD,
0xFF, 0x8B, 0x53, 0x33,
0x00, 0xF2, 0x94, 0xEF,
0x00, 0x00, 0x00, 0x00,
0x00, 0x00, 0x00, 0x00,
0x00, 0x80, 0x00, 0x00,
0x00, 0x00, 0x00, 0x00,
0x00, 0x00, 0x00, 0x00,
0x00, 0x00, 0x01, 0x4F,
0x00, 0x00, 0x01, 0x5E,
0x00, 0x00, 0x00, 0xB4,
0x00, 0x00, 0x00, 0xBE,
0x00, 0x00, 0x00, 0x02,
0x00, 0x00, 0x03, 0x47,
0x00, 0x80, 0x00, 0x00,
0x00, 0x00, 0x00, 0x00,
0x00, 0x00, 0x00, 0x00,
0x00, 0x00, 0x00, 0x00,
0x00, 0x00, 0x00, 0x00,
0x00, 0x80, 0x00, 0x00,
0x00, 0x00, 0x00, 0x00,
0x00, 0x00, 0x00, 0x00,
0x00, 0x00, 0x00, 0x00,
0x00, 0x00, 0x00, 0x00,
0x00, 0x80, 0x00, 0x00,
0x00, 0x00, 0x00, 0x00,
0x00, 0x00, 0x00, 0x00,
0x00, 0x00, 0x00, 0x00,
0x00, 0x00, 0x00, 0x00,
0x00, 0x80, 0x00, 0x00,
0x00, 0x00, 0x00, 0x00,
0x00, 0x00, 0x00, 0x00,
0x00, 0x00, 0x00, 0x00,
0x00, 0x00, 0x00, 0x00,
0x00, 0x80, 0x00, 0x00,
0x00, 0x00, 0x00, 0x00,
0x00, 0x00, 0x00, 0x00,
0x00, 0x00, 0x00, 0x00,
0x00, 0x00, 0x00, 0x00,
0x00, 0x6C, 0x21, 0x32,
0x0F, 0x32, 0x2E, 0xCD,
0x00, 0x62, 0x2B, 0x44,
0x00, 0xF4, 0xA8, 0xD9,
0x0F, 0x8A, 0xDB, 0xE4,
0x00, 0x80, 0x53, 0x90,
0x0F, 0x0D, 0x1D, 0x06,
0x00, 0x74, 0xA7, 0xF4,
0x00, 0xF2, 0xE2, 0xFA,
0x0F, 0x8B, 0x04, 0x7C,
0x00, 0x83, 0xC9, 0x12,
0x0F, 0x1A, 0x73, 0x18,
0x00, 0x69, 0xDC, 0xD7,
0x00, 0xE5, 0x8C, 0xE8,
0x0F, 0x92, 0x5A, 0x17,
0x00, 0x93, 0x23, 0x47,
0x0F, 0x40, 0x50, 0x2A,
0x00, 0x42, 0x97, 0x1A,
0x00, 0xBF, 0xAF, 0xD6,
0x0F, 0xAA, 0x45, 0x9F,
0x00, 0x86, 0xC2, 0xEB,
0x0F, 0x5A, 0x41, 0xD5,
0x00, 0x55, 0xB0, 0x34,
0x00, 0xA5, 0xBE, 0x2B,
0x0F, 0xA3, 0x8C, 0xE2,
0x00, 0x80, 0xA6, 0x15,
0x0F, 0x86, 0x11, 0x57,
0x00, 0x47, 0xA5, 0x9B,
0x00, 0x79, 0xEE, 0xA9,
0x0F, 0xB7, 0xB4, 0x50,
0x00, 0x00, 0x01, 0xF8,
0x00, 0x00, 0x00, 0xC0,
0x00, 0x00, 0x01, 0xE0,
0x00, 0x00, 0x00, 0x00,
0x00, 0x00, 0x01, 0xB0,
0x00, 0x00, 0x00, 0x30,
0x00, 0x00, 0x02, 0x10,
0x00, 0x00, 0x03, 0xC0,
0x0F, 0x83, 0x4E, 0xD4,
0x00, 0x7E, 0x58, 0x96,
0x0F, 0x81, 0xA7, 0x6A,
0x0F, 0x04, 0xBD, 0x12,
0x00, 0x7B, 0x58, 0xFB,
0x00, 0x7D, 0xA6, 0xFA,
0x0F, 0x04, 0xB2, 0x0B,
0x00, 0x7D, 0xA6, 0xFA,
0x0F, 0x86, 0x88, 0x54,
0x00, 0x7C, 0xBB, 0xD6,
0x0F, 0x83, 0x44, 0x2A,
0x00, 0x00, 0x70, 0x80,
0x00, 0x00, 0x01, 0xEF,
0x00, 0x40, 0x26, 0xE7,
0x00, 0x2D, 0x6A, 0x86,
0x00, 0x40, 0x26, 0xE7,
0x00, 0x5A, 0x9D, 0xF8,
0x00, 0x5A, 0x9D, 0xF8,
0x03, 0x00, 0x00, 0x00,
0x01, 0x6A, 0x09, 0xE6,
0x00, 0x7F, 0xFE, 0x1B,
0x00, 0x00, 0x03, 0x47,
0x00, 0x80, 0x00, 0x00,
0x00, 0x7F, 0xFE, 0x1B,
0x00, 0x00, 0x03, 0x47,
0x00, 0x47, 0xFA, 0xCD,
0x00, 0x7F, 0xFE, 0x1B,
0x00, 0x00, 0x03, 0x47,
0x00, 0x28, 0x7A, 0x27,
0x00, 0x7F, 0xFE, 0x1B,
0x00, 0x00, 0x03, 0x47,
0x00, 0x16, 0xC3, 0x11,
0x00, 0x7F, 0xFE, 0x1B,
0x00, 0x00, 0x03, 0x47,
0x00, 0x0C, 0xCC, 0xCD,
0x00, 0x0C, 0xCC, 0xCD,
0x00, 0x00, 0x00, 0x00,
0x00, 0x00, 0x4E, 0xB0,
0x00, 0x00, 0x01, 0xE0,
0x00, 0x00, 0x07, 0x1C,
0x00, 0x00, 0x00, 0x00,
0x00, 0x00, 0x00, 0x00,
0x00, 0x00, 0x00, 0x00,
0x00, 0x00, 0x00, 0x00,
0x00, 0x80, 0x00, 0x00,
0x00, 0x00, 0x00, 0x00,
0x00, 0x00, 0x00, 0x00,
0x00, 0x01, 0x47, 0xAE,
0x00, 0x00, 0x01, 0x00,
0x00, 0x00, 0x00, 0x04,
0x00, 0x00, 0x00, 0x00,
0x00, 0x00, 0x00, 0x00,
0x00, 0x00, 0x10, 0x84,
0x00, 0x00, 0x02, 0x61,
0x00, 0x00, 0x00, 0x00,
0x00, 0x01, 0x47, 0xAE,
0x00, 0x00, 0x00, 0x00,
0x00, 0x00, 0x00, 0x00,
0x00, 0x00, 0x00, 0x00,
0x00, 0x00, 0x00, 0x00,
0x00, 0x00, 0x00, 0x00,
0x00, 0x00, 0x00, 0x00,
0x00, 0x00, 0x00, 0x00,
0x00, 0x00, 0x00, 0x00,
0x00, 0x00, 0x00, 0x00,
0x00, 0x00, 0x00, 0x00,
0x00, 0x00, 0x00, 0x00,
0x07, 0xFE, 0xB8, 0x52,
0x05, 0xA8, 0x10, 0x62,
0x04, 0x00, 0x00, 0x00,
0x02, 0xD3, 0x33, 0x33,
0x02, 0x00, 0x00, 0x00,
0x01, 0x68, 0xF5, 0xC3,
0x01, 0x00, 0x00, 0x00,
0x00, 0xB4, 0xFD, 0xF4,
0x00, 0x80, 0x00, 0x00,
0x00, 0x5A, 0x7E, 0xFA,
0x00, 0x40, 0x00, 0x00,
0x00, 0x2C, 0xCC, 0xCD,
0x00, 0x20, 0x00, 0x00,
0x00, 0x16, 0x87, 0x2B,
0x00, 0x10, 0x00, 0x00,
0x00, 0x0B, 0x43, 0x96,
0x00, 0x08, 0x00, 0x00,
0x00, 0x05, 0xA1, 0xCB,
0x00, 0x04, 0x00, 0x00,
0x00, 0x02, 0xD3, 0xD8,
0x00, 0x02, 0x00, 0x00,
0x00, 0x00, 0x00, 0x00,
0x00, 0x00, 0x00, 0x00,
0x00, 0x00, 0x00, 0x00,
0x00, 0x00, 0x00, 0x00,
0x00, 0x00, 0x00, 0x00,
0x00, 0x00, 0x00, 0x00,
0x00, 0x00, 0x00, 0x00,
0x00, 0x00, 0x00, 0x00,
0x00, 0x00, 0x00, 0x00,
0x00, 0x00, 0x00, 0x00,
0x00, 0x00, 0x00, 0x00,
0x00, 0x00, 0x00, 0x00,
0x00, 0x00, 0x00, 0x00,
0x00, 0x00, 0x00, 0x00,
0x00, 0x00, 0x00, 0x00,
0x00, 0x00, 0x00, 0x00,
0x00, 0x00, 0x00, 0x00,
0x00, 0x00, 0x00, 0x00,
0x00, 0x00, 0x00, 0x00,
0x00, 0x00, 0x00, 0x00,
0x00, 0x00, 0x00, 0x00,
0x00, 0x00, 0x00, 0x00,
0x00, 0x00, 0x00, 0x00,
0x00, 0x00, 0x00, 0x00,
0x00, 0x00, 0x00, 0x00,
0x00, 0x00, 0x00, 0x00,
0x00, 0x00, 0x00, 0x00,
0x00, 0x00, 0x00, 0x00,
0x00, 0x00, 0x00, 0x00,
0x00, 0x00, 0x00, 0x00,
0x00, 0x00, 0x00, 0x00,
0x00, 0x00, 0x00, 0x00,
0x00, 0x00, 0x00, 0x00,
0x00, 0x00, 0x00, 0x00,
0x00, 0x00, 0x00, 0x00,
0x00, 0x00, 0x00, 0x00,
0x00, 0x00, 0x00, 0x00,
0x00, 0x00, 0x00, 0x00,
0x00, 0x00, 0x00, 0x00,
0x00, 0x00, 0x00, 0x00,
0x00, 0x00, 0x00, 0x00,
0x00, 0x00, 0x00, 0x00,
0x00, 0x00, 0x00, 0x00,
0x00, 0x00, 0x00, 0x00,
0x00, 0x00, 0x00, 0x00,
0x00, 0x00, 0x00, 0x00,
0x00, 0x00, 0x00, 0x00,
0x00, 0x00, 0x00, 0x00,
0x00, 0x00, 0x00, 0x00,
0x00, 0x00, 0x00, 0x00,
0x00, 0x00, 0x00, 0x00,
0x00, 0x00, 0x00, 0x00,
0x00, 0x00, 0x00, 0x00,
0x00, 0x00, 0x00, 0x00,
0x00, 0x00, 0x00, 0x00,
0x00, 0x00, 0x00, 0x00,
0x00, 0x00, 0x00, 0x00,
0x00, 0x00, 0x00, 0x00,
0x00, 0x00, 0x00, 0x00,
0x00, 0x00, 0x00, 0x00,
0x00, 0x00, 0x00, 0x00,
0x00, 0x00, 0x00, 0x00,
0x00, 0x00, 0x00, 0x00,
0x00, 0x00, 0x00, 0x00,
0x00, 0x00, 0x00, 0x00,
0x00, 0x00, 0x00, 0x00,
0x00, 0x00, 0x00, 0x00,
0x00, 0x00, 0x00, 0x00,
0x00, 0x00, 0x00, 0x00,
0x00, 0x00, 0x00, 0x00,
0x00, 0x00, 0x00, 0x00,
0x00, 0x00, 0x00, 0x00,
0x00, 0x00, 0x00, 0x00,
0x00, 0x00, 0x00, 0x00,
0x00, 0x00, 0x00, 0x00,
0x00, 0x00, 0x00, 0x00,
0x00, 0x00, 0x00, 0x00,
0x00, 0x00, 0x00, 0x00,
0x00, 0x00, 0x00, 0x00,
0x00, 0x00, 0x00, 0x00,
0x00, 0x00, 0x00, 0x00,
0x00, 0x00, 0x00, 0x00,
0x00, 0x00, 0x00, 0x00,
0x00, 0x00, 0x00, 0x00,
0x00, 0x00, 0x00, 0x00,
0x00, 0x00, 0x00, 0x00,
0x00, 0x00, 0x00, 0x00,
0x00, 0x00, 0x00, 0x00,
0x00, 0x00, 0x00, 0x00,
0x00, 0x00, 0x00, 0x00,
0x00, 0x00, 0x00, 0x00,
0x00, 0x00, 0x00, 0x00,
0x00, 0x00, 0x00, 0x00,
0x00, 0x00, 0x00, 0x00,
0x00, 0x00, 0x00, 0x00,
0x00, 0x00, 0x00, 0x00,
0x00, 0x00, 0x00, 0x00,
0x00, 0x00, 0x00, 0x00,
0x00, 0x00, 0x00, 0x00,
0x00, 0x00, 0x00, 0x00,
0x00, 0x00, 0x00, 0x00,
0x00, 0x00, 0x00, 0x00,
0x00, 0x00, 0x00, 0x00,
0x00, 0x00, 0x00, 0x00,
0x00, 0x00, 0x00, 0x00,
0x00, 0x00, 0x00, 0x00,
0x00, 0x00, 0x00, 0x00,
0x00, 0x00, 0x00, 0x00,
0x00, 0x00, 0x00, 0x00,
0x00, 0x00, 0x00, 0x00,
0x00, 0x00, 0x00, 0x00,
0x00, 0x00, 0x00, 0x00,
0x00, 0x00, 0x00, 0x00,
0x00, 0x00, 0x00, 0x00,
0x00, 0x00, 0x00, 0x00,
0x00, 0x00, 0x00, 0x00,
0x00, 0x00, 0x00, 0x00,
0x00, 0x00, 0x00, 0x00,
0x00, 0x00, 0x00, 0x00,
0x00, 0x00, 0x00, 0x00,
0x00, 0x00, 0x00, 0x00,
0x00, 0x00, 0x00, 0x00,
0x00, 0x00, 0x00, 0x00,
0x00, 0x00, 0x00, 0x00,
0x00, 0x00, 0x00, 0x00,
0x00, 0x00, 0x00, 0x00,
0x00, 0x00, 0x00, 0x00,
0x00, 0x00, 0x00, 0x00,
0x00, 0x00, 0x00, 0x00,
0x00, 0x00, 0x00, 0x00,
0x00, 0x00, 0x00, 0x00,
0x00, 0x00, 0x00, 0x00,
0x00, 0x00, 0x00, 0x00,
0x00, 0x00, 0x00, 0x00,
0x00, 0x00, 0x00, 0x00,
0x00, 0x00, 0x00, 0x00,
0x00, 0x00, 0x00, 0x00,
0x00, 0x00, 0x00, 0x00,
0x00, 0x00, 0x00, 0x00,
0x00, 0x00, 0x00, 0x00,
0x00, 0x00, 0x00, 0x00,
0x00, 0x00, 0x00, 0x00,
0x00, 0x00, 0x00, 0x00,
0x00, 0x00, 0x00, 0x00,
0x00, 0x00, 0x00, 0x00,
0x00, 0x00, 0x00, 0x00,
0x00, 0x00, 0x00, 0x00,
0x00, 0x00, 0x00, 0x00,
0x00, 0x00, 0x00, 0x00,
0x00, 0x00, 0x00, 0x00,
0x00, 0x00, 0x00, 0x00,
0x00, 0x00, 0x00, 0x00,
0x00, 0x00, 0x00, 0x00,
0x00, 0x00, 0x00, 0x00,
0x00, 0x00, 0x00, 0x00,
0x00, 0x00, 0x00, 0x00,
0x00, 0x00, 0x00, 0x00,
0x00, 0x00, 0x00, 0x00,
0x00, 0x00, 0x00, 0x00,
0x00, 0x00, 0x00, 0x00,
0x00, 0x00, 0x00, 0x00,
0x00, 0x00, 0x00, 0x00,
0x00, 0x00, 0x00, 0x00,
0x00, 0x00, 0x00, 0x00,
0x00, 0x00, 0x00, 0x00,
0x00, 0x00, 0x00, 0x00,
0x00, 0x00, 0x00, 0x00,
0x00, 0x00, 0x00, 0x00,
0x00, 0x00, 0x00, 0x00,
0x00, 0x00, 0x00, 0x00,
0x00, 0x00, 0x00, 0x00,
0x00, 0x00, 0x00, 0x00,
0x00, 0x00, 0x00, 0x00,
0x00, 0x00, 0x00, 0x00,
0x00, 0x00, 0x00, 0x00,
0x00, 0x00, 0x00, 0x00,
0x00, 0x00, 0x00, 0x00,
0x00, 0x00, 0x00, 0x00,
0x00, 0x00, 0x00, 0x00,
0x00, 0x00, 0x00, 0x00,
0x00, 0x00, 0x00, 0x00,
0x00, 0x00, 0x00, 0x00,
0x00, 0x00, 0x00, 0x00,
0x00, 0x00, 0x00, 0x00,
0x00, 0x00, 0x00, 0x00,
0x00, 0x00, 0x00, 0x00,
0x00, 0x00, 0x00, 0x00,
0x00, 0x00, 0x00, 0x00,
0x00, 0x00, 0x00, 0x00,
0x00, 0x00, 0x00, 0x00,
0x00, 0x00, 0x00, 0x00,
0x00, 0x00, 0x00, 0x00,
0x00, 0x00, 0x00, 0x00,
0x00, 0x00, 0x00, 0x00,
0x00, 0x00, 0x00, 0x00,
0x00, 0x00, 0x00, 0x00,
0x00, 0x00, 0x00, 0x00,
0x00, 0x00, 0x00, 0x00,
0x00, 0x00, 0x00, 0x00,
0x00, 0x00, 0x00, 0x00,
0x00, 0x00, 0x00, 0x00,
0x00, 0x00, 0x00, 0x00,
0x00, 0x00, 0x00, 0x00,
0x00, 0x00, 0x00, 0x00,
0x00, 0x00, 0x00, 0x00,
0x00, 0x00, 0x00, 0x00,
0x00, 0x00, 0x00, 0x00,
0x00, 0x00, 0x00, 0x00,
0x00, 0x00, 0x00, 0x00,
0x00, 0x00, 0x00, 0x00,
0x00, 0x00, 0x00, 0x00,
0x00, 0x00, 0x00, 0x00,
0x00, 0x00, 0x00, 0x00,
0x00, 0x00, 0x00, 0x00,
0x00, 0x00, 0x00, 0x00,
0x00, 0x00, 0x00, 0x00,
0x00, 0x00, 0x00, 0x00,
0x00, 0x00, 0x00, 0x00,
0x00, 0x00, 0x00, 0x00,
0x00, 0x00, 0x00, 0x00,
0x00, 0x00, 0x00, 0x00,
0x00, 0x00, 0x00, 0x00,
0x00, 0x00, 0x00, 0x00,
0x00, 0x00, 0x00, 0x00,
0x00, 0x00, 0x00, 0x00,
0x00, 0x00, 0x00, 0x00,
0x00, 0x00, 0x00, 0x00,
0x00, 0x00, 0x00, 0x00,
0x00, 0x00, 0x00, 0x00,
0x00, 0x00, 0x00, 0x00,
0x00, 0x00, 0x00, 0x00,
0x00, 0x00, 0x00, 0x00,
0x00, 0x00, 0x00, 0x00,
0x00, 0x00, 0x00, 0x00,
0x00, 0x00, 0x00, 0x00,
0x00, 0x00, 0x00, 0x00,
0x00, 0x00, 0x00, 0x00,
0x00, 0x00, 0x00, 0x00,
0x00, 0x00, 0x00, 0x00,
0x00, 0x00, 0x00, 0x00,
0x00, 0x00, 0x00, 0x00,
0x00, 0x00, 0x00, 0x00,
0x00, 0x00, 0x00, 0x00,
0x00, 0x00, 0x00, 0x00,
0x00, 0x00, 0x00, 0x00,
0x00, 0x00, 0x00, 0x00,
0x00, 0x00, 0x00, 0x00,
0x00, 0x00, 0x00, 0x00,
0x00, 0x00, 0x00, 0x00,
0x00, 0x00, 0x00, 0x00,
0x00, 0x00, 0x00, 0x00,
0x00, 0x00, 0x00, 0x00,
0x00, 0x00, 0x00, 0x00,
0x00, 0x00, 0x00, 0x00,
0x00, 0x00, 0x00, 0x00,
0x00, 0x80, 0x00, 0x00,
0x00, 0x00, 0x00, 0x01,
0x00, 0x47, 0x83, 0xC9,
0x0F, 0xB8, 0x7C, 0x37,
0x00, 0x7E, 0x58, 0xB8,
0x00, 0x2B, 0x02, 0x6A,
0x00, 0x00, 0x00, 0x00,
0x00, 0x33, 0x84, 0x67,
0x0F, 0x80, 0x00, 0x00,
0xFF, 0x80, 0xAB, 0xB4,
0x00, 0x7F, 0xAA, 0x26,
0xFF, 0x80, 0x55, 0xDA,
0xFF, 0x82, 0x7D, 0x03,
0x00, 0x7E, 0xC1, 0x7F,
0xFF, 0x81, 0x3E, 0x81,
0xFF, 0xE1, 0x47, 0xAE,
0x00, 0x3E, 0xB8, 0x52,
0x00, 0x22, 0x8F, 0x5C,
0x00, 0x00, 0x1B, 0x4F,
0x00, 0x00, 0x83, 0x12,
0x00, 0x02, 0x8F, 0x5C,
0x00, 0x06, 0x66, 0x66,
0x00, 0x0C, 0xCC, 0xCD,
0x00, 0x0C, 0xCC, 0xCD,
0x00, 0x0C, 0xCC, 0xCD,
0x00, 0x0C, 0xCC, 0xCD,
0x00, 0x0C, 0xCC, 0xCD,
0x00, 0x0C, 0xCC, 0xCD,
0x00, 0x0C, 0xCC, 0xCD,
0x00, 0x0C, 0xCC, 0xCD,
0x00, 0x0C, 0xCC, 0xCD,
0x00, 0x0C, 0xCC, 0xCD,
0x00, 0x00, 0x00, 0x0A,
0xFF, 0xFF, 0xFF, 0xFF,
0x00, 0x32, 0xAA, 0xAB,
0x00, 0x00, 0x00, 0x3A,
0x00, 0x34, 0x00, 0x00,
0x00, 0x0A, 0x00, 0x00,
0x00, 0x0A, 0x00, 0x00,
0x00, 0x0C, 0x00, 0x00,
0x04, 0x00, 0x00, 0x00,
0x02, 0xD4, 0x7A, 0xE1,
0x02, 0x00, 0x00, 0x00,
0x01, 0x6A, 0x3D, 0x71,
0x01, 0x00, 0x00, 0x00,
0x00, 0xB4, 0x7A, 0xE1,
0x00, 0x80, 0x00, 0x00,
0x00, 0x5A, 0x7E, 0xFA,
0x00, 0x40, 0x00, 0x00,
0x00, 0x2D, 0x4F, 0xDF,
0x00, 0x20, 0x00, 0x00,
0x00, 0x16, 0xA7, 0xF0,
0x00, 0x10, 0x00, 0x00,
0x00, 0x0B, 0x43, 0x96,
0x00, 0x08, 0x00, 0x00,
0x00, 0x05, 0xA1, 0xCB,
0x00, 0x0C, 0xCC, 0xCD,
0x00, 0x80, 0x00, 0x00,
0x00, 0x00, 0x00, 0x00,
0x00, 0x00, 0x00, 0x00,
0x00, 0x47, 0x83, 0xC9,
0x0F, 0xB8, 0x7C, 0x37,
0x00, 0x7E, 0x58, 0xB8,
0x00, 0x2B, 0x02, 0x6A,
0x00, 0x00, 0x00, 0x00,
0x00, 0x33, 0x84, 0x67,
0x00, 0x17, 0x62, 0x31,
0x00, 0x10, 0x30, 0x4F,
0x00, 0x0B, 0x5F, 0x9E,
0x00, 0x08, 0x0D, 0x44,
0x00, 0x05, 0xB3, 0x44,
0x00, 0x04, 0x09, 0x15,
0x00, 0x04, 0x59, 0x5D,
0x00, 0x19, 0x59, 0x8E,
0x00, 0x59, 0x2D, 0xAC,
0x00, 0xAF, 0x08, 0x62,
0x01, 0x1C, 0x6B, 0x3D,
0x01, 0x7E, 0x1C, 0x0D,
0x01, 0xC3, 0x08, 0xCA,
0x01, 0xF2, 0x76, 0x28,
0x02, 0x09, 0xDF, 0x42,
0x02, 0x0B, 0xBD, 0xC6,
0x01, 0xFD, 0xCC, 0xCD,
0x01, 0xE6, 0xFE, 0x4F,
0x01, 0xCB, 0x6B, 0x7D,
0x01, 0xA1, 0xE2, 0x3D,
0x01, 0x76, 0xD3, 0x01,
0x01, 0x55, 0xB0, 0xC6,
0x01, 0x31, 0xE6, 0x13,
0x00, 0xFD, 0x99, 0x50,
0x00, 0xC9, 0x35, 0x3A,
0x00, 0xA7, 0xA8, 0x21,
0x00, 0x8B, 0xEC, 0x5E,
0x00, 0x6B, 0x3A, 0xC6,
0x00, 0x51, 0x15, 0x27,
0x00, 0x3F, 0xE2, 0xCD,
0x00, 0x30, 0x3C, 0xA7,
0x00, 0x22, 0x26, 0x2D,
0x00, 0x18, 0x2C, 0xFC,
0x00, 0x00, 0x2D, 0x7B,
0x00, 0x00, 0x00, 0x3F,
0x00, 0x40, 0x00, 0x00,
0x06, 0x00, 0x00, 0x00,
0x00, 0x40, 0x00, 0x00,
0x00, 0xAC, 0x8B, 0x77,
0x01, 0x59, 0x16, 0xEE,
0x00, 0x00, 0x00, 0x00,
0x00, 0x59, 0x99, 0x9A,
0x00, 0x80, 0x00, 0x00,
0x00, 0x80, 0x00, 0x00,
0x00, 0x59, 0x99, 0x9A,
0x00, 0x7E, 0x53, 0x1E,
0xFF, 0x03, 0x59, 0xC5,
0x00, 0xFC, 0x9B, 0x26,
0xFF, 0x83, 0x4E, 0xAF,
0x00, 0x7E, 0x58, 0x96,
0x00, 0x7C, 0xB1, 0x2C,
0x00, 0x00, 0x05, 0x8B,
0x00, 0x00, 0x0B, 0x15,
0x00, 0x01, 0xA7, 0x6A,
0x00, 0x00, 0x00, 0x00,
0x00, 0x00, 0x00, 0x00,
0x00, 0x00, 0x00, 0x00,
0xFF, 0x80, 0xAB, 0xB4,
0x00, 0x7F, 0xAA, 0x26,
0xFF, 0x80, 0x55, 0xDA,
0xFF, 0x82, 0x7D, 0x03,
0x00, 0x7E, 0xC1, 0x7F,
0xFF, 0x81, 0x3E, 0x81,
0xFF, 0xE1, 0x47, 0xAE,
0x00, 0x3E, 0xB8, 0x52,
0x00, 0x22, 0x8F, 0x5C,
0x00, 0x00, 0x05, 0x76,
0x00, 0x00, 0x83, 0x12,
0x00, 0x02, 0x8F, 0x5C,
0x00, 0x06, 0x66, 0x66,
0x00, 0x0C, 0xCC, 0xCD,
0x00, 0x0C, 0xCC, 0xCD,
0x00, 0x0C, 0xCC, 0xCD,
0x00, 0x0C, 0xCC, 0xCD,
0x00, 0x0C, 0xCC, 0xCD,
0x00, 0x0C, 0xCC, 0xCD,
0x00, 0x0C, 0xCC, 0xCD,
0x00, 0x0C, 0xCC, 0xCD,
0x00, 0x0C, 0xCC, 0xCD,
0x00, 0x0C, 0xCC, 0xCD,
0x00, 0x00, 0x00, 0x0A,
0xFF, 0xFF, 0xFF, 0xFF,
0x00, 0x2C, 0x00, 0x00,
0x00, 0x00, 0x00, 0x3A,
0x00, 0x3C, 0x00, 0x00,
0x00, 0x0A, 0x00, 0x00,
0x00, 0x0A, 0x00, 0x00,
0x00, 0x0C, 0x00, 0x00,
0x04, 0x00, 0x00, 0x00,
0x02, 0xD4, 0x7A, 0xE1,
0x02, 0x00, 0x00, 0x00,
0x01, 0x6A, 0x3D, 0x71,
0x01, 0x00, 0x00, 0x00,
0x00, 0xB4, 0x7A, 0xE1,
0x00, 0x80, 0x00, 0x00,
0x00, 0x5A, 0x7E, 0xFA,
0x00, 0x40, 0x00, 0x00,
0x00, 0x2D, 0x4F, 0xDF,
0x00, 0x20, 0x00, 0x00,
0x00, 0x16, 0xA7, 0xF0,
0x00, 0x10, 0x00, 0x00,
0x00, 0x0B, 0x43, 0x96,
0x00, 0x08, 0x00, 0x00,
0x00, 0x05, 0xA1, 0xCB,
0x00, 0x0C, 0xCC, 0xCD,
0x00, 0x80, 0x00, 0x00,
0x00, 0x00, 0x00, 0x00,
0x00, 0x00, 0x00, 0x00,
0x00, 0x80, 0x00, 0x00,
0x00, 0x00, 0x00, 0x00,
0x00, 0x00, 0x4E, 0xB0,
0x00, 0x00, 0x01, 0xE0,
0x00, 0x00, 0x07, 0x1C,
0x00, 0x00, 0x00, 0x00,
0x00, 0x00, 0x00, 0x00,
0x00, 0x00, 0x00, 0x00,
0x00, 0x00, 0x00, 0x00,
0x00, 0x80, 0x00, 0x00,
0x00, 0x00, 0x00, 0x00,
0xFF, 0x80, 0xAB, 0xB4,
0x00, 0x7F, 0xAA, 0x26,
0xFF, 0x80, 0x55, 0xDA,
0xFF, 0x82, 0x7D, 0x03,
0x00, 0x7E, 0xC1, 0x7F,
0xFF, 0x81, 0x3E, 0x81,
0xFF, 0xE1, 0x47, 0xAE,
0x00, 0x3E, 0xB8, 0x52,
0x00, 0x22, 0x8F, 0x5C,
0x00, 0x00, 0x05, 0x76,
0x00, 0x00, 0x83, 0x12,
0x00, 0x02, 0x8F, 0x5C,
0x00, 0x06, 0x66, 0x66,
0x00, 0x0C, 0xCC, 0xCD,
0x00, 0x0C, 0xCC, 0xCD,
0x00, 0x0C, 0xCC, 0xCD,
0x00, 0x0C, 0xCC, 0xCD,
0x00, 0x0C, 0xCC, 0xCD,
0x00, 0x0C, 0xCC, 0xCD,
0x00, 0x0C, 0xCC, 0xCD,
0x00, 0x0C, 0xCC, 0xCD,
0x00, 0x0C, 0xCC, 0xCD,
0x00, 0x0C, 0xCC, 0xCD,
0x00, 0x00, 0x00, 0x0A,
0xFF, 0xFF, 0xFF, 0xFF,
0x00, 0x2C, 0x00, 0x00,
0x00, 0x00, 0x00, 0x3A,
0x00, 0x3C, 0x00, 0x00,
0x00, 0x0A, 0x00, 0x00,
0x00, 0x0A, 0x00, 0x00,
0x00, 0x0C, 0x00, 0x00,
0x04, 0x00, 0x00, 0x00,
0x02, 0xD4, 0x7A, 0xE1,
0x02, 0x00, 0x00, 0x00,
0x01, 0x6A, 0x3D, 0x71,
0x01, 0x00, 0x00, 0x00,
0x00, 0xB4, 0x7A, 0xE1,
0x00, 0x80, 0x00, 0x00,
0x00, 0x5A, 0x7E, 0xFA,
0x00, 0x40, 0x00, 0x00,
0x00, 0x2D, 0x4F, 0xDF,
0x00, 0x20, 0x00, 0x00,
0x00, 0x16, 0xA7, 0xF0,
0x00, 0x10, 0x00, 0x00,
0x00, 0x0B, 0x43, 0x96,
0x00, 0x08, 0x00, 0x00,
0x00, 0x05, 0xA1, 0xCB,
0x00, 0x0C, 0xCC, 0xCD,
0x00, 0x80, 0x00, 0x00,
0x00, 0x00, 0x00, 0x00,
0x00, 0x00, 0x00, 0x00,
0x00, 0x00, 0x4E, 0xB0,
0x00, 0x00, 0x01, 0xE0,
0x00, 0x00, 0x07, 0x1C,
0x00, 0x00, 0x00, 0x00,
0x00, 0x00, 0x00, 0x00,
0x00, 0x00, 0x00, 0x00,
0x00, 0x00, 0x00, 0x00,
0x00, 0xAA, 0xB0, 0xD5,
0x00, 0x00, 0x00, 0x00,
0x00, 0x00, 0x00, 0x00,
0x00, 0x00, 0x00, 0x00,
0x00, 0x00, 0x4E, 0xB0,
0x00, 0x00, 0x01, 0xE0,
0x00, 0x00, 0x07, 0x1C,
0x00, 0x00, 0x00, 0x00,
0x00, 0x00, 0x00, 0x00,
0x00, 0x00, 0x00, 0x00,
0x00, 0x00, 0x00, 0x00,
0x00, 0x80, 0x00, 0x00,
0x00, 0x00, 0x20, 0x00,
0x01, 0x0E, 0x86, 0xCF,
0x00, 0x80, 0x00, 0x00,
0x00, 0x6B, 0xB2, 0xD6,
0x00, 0x80, 0x00, 0x00,
0x00, 0x00, 0x4E, 0xB0,
0x00, 0x00, 0x01, 0xE0,
0x00, 0x00, 0x07, 0x1C,
0x00, 0x00, 0x00, 0x00,
0x00, 0x00, 0x00, 0x00,
0x00, 0x00, 0x00, 0x00,
0x00, 0x00, 0x00, 0x00,
0x00, 0x08, 0x13, 0x85,
0x00, 0x80, 0x00, 0x00,
0x00, 0x80, 0x00, 0x00,
0x00, 0x80, 0x00, 0x00,
0x00, 0x80, 0x00, 0x00,
0x00, 0x80, 0x00, 0x00,
0x00, 0x80, 0x00, 0x00,
0x00, 0x80, 0x00, 0x00,
0x00, 0x00, 0x20, 0x00,
0x00, 0x00, 0x00, 0x00,
0x00, 0x00, 0x20, 0x00,
0x00, 0x00, 0x00, 0x00,
0x00, 0x00, 0x20, 0x00,
0x00, 0x00, 0x00, 0x00,
0x00, 0x00, 0x20, 0x00,
0x00, 0x00, 0x00, 0x00,
0x00, 0x00, 0x20, 0x00,
0x00, 0x80, 0x00, 0x00,
0x00, 0x00, 0x20, 0x00,
0x00, 0x80, 0x00, 0x00,
0x00, 0x00, 0x20, 0x00,
0x00, 0x00, 0x00, 0x00,
0x00, 0x00, 0x00, 0x01,
0x00, 0x00, 0x4E, 0xB0,
0x00, 0x00, 0x01, 0xE0,
0x00, 0x00, 0x07, 0x1C,
0x00, 0x00, 0x00, 0x00,
0x00, 0x00, 0x00, 0x00,
0x00, 0x00, 0x00, 0x00,
0x00, 0x00, 0x00, 0x00,
0x00, 0x00, 0x80, 0x6D,
0x00, 0x80, 0x4E, 0xB0,
0x00, 0x80, 0x00, 0x28,
0x00, 0x7F, 0xFE, 0x6E,
0x00, 0x7F, 0xD8, 0xBA,
0x00, 0x00, 0x00, 0x00,
0x00, 0x00, 0x20, 0x00,
0x00, 0x7F, 0xFE, 0x1B,
0x00, 0x00, 0x03, 0x47,
0x00, 0x02, 0x46, 0xB5,
};


/* Register Default - IC 1.Start_Pulse_Select */
ADI_REG_TYPE R0_START_PULSE_SELECT_IC_1_Default[REG_START_PULSE_SELECT_IC_1_BYTE] = {
0x00, 0x1C
};

/* Register Default - IC 1.Core_Run_Bit */
ADI_REG_TYPE R1_CORE_RUN_BIT_IC_1_Default[REG_CORE_RUN_BIT_IC_1_BYTE] = {
0x00, 0x00
};

/* Register Default - IC 1.Serial Input Modes */
#define R3_SERIAL_INPUT_MODES_IC_1_SIZE 18
ADI_REG_TYPE R3_SERIAL_INPUT_MODES_IC_1_Default[R3_SERIAL_INPUT_MODES_IC_1_SIZE] = {
0x00, 0x00, 0x04, 0x00, 0x08, 0x00, 0x0C, 0x00, 0x10, 0x00, 0x14, 0x00, 0x18, 0x00, 0x1C, 0x00, 0x20, 0x00
};

/* Register Default - IC 1.Serial Output Modes */
#define R4_SERIAL_OUTPUT_MODES_IC_1_SIZE 18
ADI_REG_TYPE R4_SERIAL_OUTPUT_MODES_IC_1_Default[R4_SERIAL_OUTPUT_MODES_IC_1_SIZE] = {
0xA8, 0x00, 0xA8, 0x00, 0xA8, 0x00, 0x24, 0x00, 0x24, 0x00, 0x24, 0x00, 0x24, 0x00, 0xA4, 0x00, 0xA4, 0x00
};

/* Register Default - IC 1.High-Speed Slave Interface Mode */
ADI_REG_TYPE R5_HIGH_SPEED_SLAVE_INTERFACE_MODE_IC_1_Default[REG_HIGH_SPEED_SLAVE_INTERFACE_MODE_IC_1_BYTE] = {
0x00, 0x00
};

/* Register Default - IC 1.Routing Matrix ASRC Input Data Selector */
#define R6_ROUTING_MATRIX_ASRC_INPUT_DATA_SELECTOR_IC_1_SIZE 16
ADI_REG_TYPE R6_ROUTING_MATRIX_ASRC_INPUT_DATA_SELECTOR_IC_1_Default[R6_ROUTING_MATRIX_ASRC_INPUT_DATA_SELECTOR_IC_1_SIZE] = {
0x00, 0x3F, 0x00, 0x3F, 0x00, 0x3F, 0x00, 0x3F, 0x00, 0x3F, 0x00, 0x3F, 0x00, 0x3F, 0x00, 0x3F
};

/* Register Default - IC 1.Routing Matrix ASRC Output Rate Selector */
#define R7_ROUTING_MATRIX_ASRC_OUTPUT_RATE_SELECTOR_IC_1_SIZE 16
ADI_REG_TYPE R7_ROUTING_MATRIX_ASRC_OUTPUT_RATE_SELECTOR_IC_1_Default[R7_ROUTING_MATRIX_ASRC_OUTPUT_RATE_SELECTOR_IC_1_SIZE] = {
0x00, 0x3F, 0x00, 0x3F, 0x00, 0x3F, 0x00, 0x3F, 0x00, 0x3F, 0x00, 0x3F, 0x00, 0x3F, 0x00, 0x3F
};

/* Register Default - IC 1.Routing Matrix Serial Output Data Selector */
#define R8_ROUTING_MATRIX_SERIAL_OUTPUT_DATA_SELECTOR_IC_1_SIZE 24
ADI_REG_TYPE R8_ROUTING_MATRIX_SERIAL_OUTPUT_DATA_SELECTOR_IC_1_Default[R8_ROUTING_MATRIX_SERIAL_OUTPUT_DATA_SELECTOR_IC_1_SIZE] = {
0x00, 0x10, 0x00, 0x11, 0x00, 0x12, 0x00, 0x13, 0x00, 0x14, 0x00, 0x15, 0x00, 0x16, 0x00, 0x17, 0x00, 0x18, 0x00, 0x3F, 0x00, 0x3F, 0x00, 0x3F
};

/* Register Default - IC 1.S/PDIF Regs */
#define R9_SPDIF_REGS_IC_1_SIZE 24
ADI_REG_TYPE R9_SPDIF_REGS_IC_1_Default[R9_SPDIF_REGS_IC_1_SIZE] = {
0x00, 0x00, 0x00, 0x01, 0x00, 0x00, 0x00, 0x00, 0x00, 0x00, 0x00, 0x00, 0x00, 0x00, 0x00, 0x00, 0x00, 0x00, 0x00, 0x00, 0x00, 0x00, 0x00, 0x00
};

/* Register Default - IC 1.ASRC1 (0-3) */
ADI_REG_TYPE R10_ASRC1_MUTE_IN_OUT_IC_1_Default[REG_ASRC1_MUTE_IN_OUT_IC_1_BYTE] = {
0x0F, 0x00
};

/* Register Default - IC 1.ASRC2 (4-7) */
ADI_REG_TYPE R11_ASRC2_MUTE_IN_OUT_IC_1_Default[REG_ASRC2_MUTE_IN_OUT_IC_1_BYTE] = {
0x0F, 0x00
};

/* Register Default - IC 1.Serial In Flex Modes */
#define R12_SERIAL_IN_FLEX_MODES_IC_1_SIZE 48
ADI_REG_TYPE R12_SERIAL_IN_FLEX_MODES_IC_1_Default[R12_SERIAL_IN_FLEX_MODES_IC_1_SIZE] = {
0x00, 0x00, 0x00, 0x00, 0x00, 0x00, 0x00, 0x00, 0x00, 0x00, 0x00, 0x00, 0x00, 0x00, 0x00, 0x00, 0x00, 0x00, 0x00, 0x00, 0x00, 0x00, 0x00, 0x00, 0x00, 0x00, 0x00, 0x00, 0x00, 0x00, 0x00, 0x00, 0x00, 0x00, 0x00, 0x00, 0x00, 0x00, 0x00, 0x00, 0x00, 0x00, 0x00, 0x00, 0x00, 0x00, 0x00, 0x00
};

/* Register Default - IC 1.Serial Out Flex Modes */
#define R13_SERIAL_OUT_FLEX_MODES_IC_1_SIZE 64
ADI_REG_TYPE R13_SERIAL_OUT_FLEX_MODES_IC_1_Default[R13_SERIAL_OUT_FLEX_MODES_IC_1_SIZE] = {
0x00, 0x00, 0x00, 0x00, 0x00, 0x00, 0x00, 0x00, 0x00, 0x00, 0x00, 0x00, 0x00, 0x00, 0x00, 0x00, 0x00, 0x00, 0x00, 0x00, 0x00, 0x00, 0x00, 0x00, 0x00, 0x00, 0x00, 0x00, 0x00, 0x00, 0x00, 0x00, 0x00, 0x00, 0x00, 0x00, 0x00, 0x00, 0x00, 0x00, 0x00, 0x00, 0x00, 0x00, 0x00, 0x00, 0x00, 0x00, 0x00, 0x00, 0x00, 0x00, 0x00, 0x00, 0x00, 0x00, 0x00, 0x00, 0x00, 0x00, 0x00, 0x00, 0x00, 0x00
};

/* Register Default - IC 1.DSP Regs */
#define R14_DSP_REGS_IC_1_SIZE 84
ADI_REG_TYPE R14_DSP_REGS_IC_1_Default[R14_DSP_REGS_IC_1_SIZE] = {
0x55, 0x7C, 0x58, 0xD6, 0x00, 0x00, 0x00, 0x00, 0x00, 0x0B, 0x00, 0x0B, 0x00, 0x0B, 0x00, 0x0B, 0x00, 0x0B, 0x00, 0x0B, 0x00, 0x0B, 0x00, 0x0B, 0x00, 0x0B, 0x00, 0x0B, 0x00, 0x0B, 0x00, 0x0B, 0x00, 0x00, 0x00, 0x07, 0x00, 0x00, 0x00, 0x00, 0x00, 0x00, 0x00, 0x00, 0x00, 0x00, 0x00, 0x00, 0x00, 0x00, 0x00, 0x00, 0x00, 0x00, 0x00, 0x00, 0x00, 0x00, 0x00, 0x00, 0x00, 0x00, 0x1F, 0x00, 0x00, 0x1C, 0x00, 0x05, 0x00, 0x00, 0x00, 0x00, 0x00, 0x00, 0x00, 0x00, 0x00, 0x00, 0x00, 0x00, 0x00, 0x00, 0x00, 0x00
};

/* Register Default - IC 1.Other DSP Modes 1 */
#define R15_OTHER_DSP_MODES_1_IC_1_SIZE 4
ADI_REG_TYPE R15_OTHER_DSP_MODES_1_IC_1_Default[R15_OTHER_DSP_MODES_1_IC_1_SIZE] = {
0x00, 0x30, 0x00, 0x00
};

/* Register Default - IC 1.Other DSP Modes 2 */
#define R16_OTHER_DSP_MODES_2_IC_1_SIZE 12
ADI_REG_TYPE R16_OTHER_DSP_MODES_2_IC_1_Default[R16_OTHER_DSP_MODES_2_IC_1_SIZE] = {
0x00, 0x00, 0x00, 0x00, 0x00, 0x00, 0x00, 0x00, 0x00, 0x00, 0x00, 0x00
};

/* Register Default - IC 1.Enable Register */
ADI_REG_TYPE R17_MASTER_CLK_ENABLE_IC_1_Default[REG_MASTER_CLK_ENABLE_IC_1_BYTE] = {
0x01, 0xFF
};

/* Register Default - Modulo Data Memory Register */
#define R19_IC_1_IC_1_ADDR 0xE21F
#define R19_IC_1_IC_1_SIZE 2
ADI_REG_TYPE R19_IC_1_IC_1_Default[R19_IC_1_IC_1_SIZE] = {
0x1F, 0xB8
};

/* Register Default - IC 1.Start_Pulse_Select */
ADI_REG_TYPE R21_START_PULSE_SELECT_IC_1_Default[REG_START_PULSE_SELECT_IC_1_BYTE] = {
0x00, 0x01
};

/* Register Default - IC 1.Core_Run_Bit */
ADI_REG_TYPE R22_CORE_RUN_BIT_IC_1_Default[REG_CORE_RUN_BIT_IC_1_BYTE] = {
0x00, 0x01
};

/* Register Default - IC 1.Dejitter_Window */
ADI_REG_TYPE R23_DEJITTER_WINDOW_IC_1_Default[REG_DEJITTER_WINDOW_IC_1_BYTE] = {
0x00, 0x00
};

/* Register Default - IC 1.Dejitter_Window */
ADI_REG_TYPE R24_DEJITTER_WINDOW_IC_1_Default[REG_DEJITTER_WINDOW_IC_1_BYTE] = {
0x00, 0x05
};


/*
 * Default Download
 */
#define DEFAULT_DOWNLOAD_SIZE_IC_1 25

void default_download_IC_1(struct adau1442_priv *priv) {
    SIGMA_WRITE_REGISTER_BLOCK(DEVICE_ADDR_IC_1, REG_START_PULSE_SELECT_IC_1_ADDR, REG_START_PULSE_SELECT_IC_1_BYTE, R0_START_PULSE_SELECT_IC_1_Default);
    SIGMA_WRITE_REGISTER_BLOCK(DEVICE_ADDR_IC_1, REG_CORE_RUN_BIT_IC_1_ADDR, REG_CORE_RUN_BIT_IC_1_BYTE, R1_CORE_RUN_BIT_IC_1_Default);
    SIGMA_WRITE_REGISTER_BLOCK(DEVICE_ADDR_IC_1, PROGRAM_ADDR_IC_1, PROGRAM_SIZE_IC_1, Program_Data_IC_1);
    SIGMA_WRITE_REGISTER_BLOCK(DEVICE_ADDR_IC_1, REG_SERIALINPUT0_DEFAULT_IC_1_ADDR, R3_SERIAL_INPUT_MODES_IC_1_SIZE, R3_SERIAL_INPUT_MODES_IC_1_Default);
    SIGMA_WRITE_REGISTER_BLOCK(DEVICE_ADDR_IC_1, REG_SERIALOUTPUT0_DEFAULT_IC_1_ADDR, R4_SERIAL_OUTPUT_MODES_IC_1_SIZE, R4_SERIAL_OUTPUT_MODES_IC_1_Default);
    SIGMA_WRITE_REGISTER_BLOCK(DEVICE_ADDR_IC_1, REG_HIGH_SPEED_SLAVE_INTERFACE_MODE_IC_1_ADDR, REG_HIGH_SPEED_SLAVE_INTERFACE_MODE_IC_1_BYTE, R5_HIGH_SPEED_SLAVE_INTERFACE_MODE_IC_1_Default);
    SIGMA_WRITE_REGISTER_BLOCK(DEVICE_ADDR_IC_1, REG_ASRCINPUTSELECTPAIR0_DEFAULT_IC_1_ADDR, R6_ROUTING_MATRIX_ASRC_INPUT_DATA_SELECTOR_IC_1_SIZE, R6_ROUTING_MATRIX_ASRC_INPUT_DATA_SELECTOR_IC_1_Default);
    SIGMA_WRITE_REGISTER_BLOCK(DEVICE_ADDR_IC_1, REG_ASRCOUTPUTRATESELECTORPAIR0_DEFAULT_IC_1_ADDR, R7_ROUTING_MATRIX_ASRC_OUTPUT_RATE_SELECTOR_IC_1_SIZE, R7_ROUTING_MATRIX_ASRC_OUTPUT_RATE_SELECTOR_IC_1_Default);
    SIGMA_WRITE_REGISTER_BLOCK(DEVICE_ADDR_IC_1, REG_SERIALOUTSELECTORPAIR0_DEFAULT_IC_1_ADDR, R8_ROUTING_MATRIX_SERIAL_OUTPUT_DATA_SELECTOR_IC_1_SIZE, R8_ROUTING_MATRIX_SERIAL_OUTPUT_DATA_SELECTOR_IC_1_Default);
    SIGMA_WRITE_REGISTER_BLOCK(DEVICE_ADDR_IC_1, REG_SPDIF_RECEIVER__READ_AUXILIARY_OUTPUTS_IC_1_ADDR, R9_SPDIF_REGS_IC_1_SIZE, R9_SPDIF_REGS_IC_1_Default);
    SIGMA_WRITE_REGISTER_BLOCK(DEVICE_ADDR_IC_1, REG_ASRC1_MUTE_IN_OUT_IC_1_ADDR, REG_ASRC1_MUTE_IN_OUT_IC_1_BYTE, R10_ASRC1_MUTE_IN_OUT_IC_1_Default);
    SIGMA_WRITE_REGISTER_BLOCK(DEVICE_ADDR_IC_1, REG_ASRC2_MUTE_IN_OUT_IC_1_ADDR, REG_ASRC2_MUTE_IN_OUT_IC_1_BYTE, R11_ASRC2_MUTE_IN_OUT_IC_1_Default);
    SIGMA_WRITE_REGISTER_BLOCK(DEVICE_ADDR_IC_1, REG_SERIAL_INPUT_FLEXIBLE_TDM_TO_DSP_CHANNEL_0_IC_1_ADDR, R12_SERIAL_IN_FLEX_MODES_IC_1_SIZE, R12_SERIAL_IN_FLEX_MODES_IC_1_Default);
    SIGMA_WRITE_REGISTER_BLOCK(DEVICE_ADDR_IC_1, REG_SERIAL_OUTPUT_FLEXIBLE_TDM_INTERFACE_MODES_0_IC_1_ADDR, R13_SERIAL_OUT_FLEX_MODES_IC_1_SIZE, R13_SERIAL_OUT_FLEX_MODES_IC_1_Default);
    SIGMA_WRITE_REGISTER_BLOCK(DEVICE_ADDR_IC_1, REG_CRC_IDEAL_1_IC_1_ADDR, R14_DSP_REGS_IC_1_SIZE, R14_DSP_REGS_IC_1_Default);
    SIGMA_WRITE_REGISTER_BLOCK(DEVICE_ADDR_IC_1, REG_CLOCK_PAD_MULTIPLEXER_IC_1_ADDR, R15_OTHER_DSP_MODES_1_IC_1_SIZE, R15_OTHER_DSP_MODES_1_IC_1_Default);
    SIGMA_WRITE_REGISTER_BLOCK(DEVICE_ADDR_IC_1, REG_BIT_CLOCK_PAD_STRENGTH_IC_1_ADDR, R16_OTHER_DSP_MODES_2_IC_1_SIZE, R16_OTHER_DSP_MODES_2_IC_1_Default);
    SIGMA_WRITE_REGISTER_BLOCK(DEVICE_ADDR_IC_1, REG_MASTER_CLK_ENABLE_IC_1_ADDR, REG_MASTER_CLK_ENABLE_IC_1_BYTE, R17_MASTER_CLK_ENABLE_IC_1_Default);
    SIGMA_WRITE_REGISTER_BLOCK(DEVICE_ADDR_IC_1, PARAM_ADDR_IC_1, PARAM_SIZE_IC_1, Param_Data_IC_1);
    SIGMA_WRITE_REGISTER_BLOCK(DEVICE_ADDR_IC_1, R19_IC_1_IC_1_ADDR, R19_IC_1_IC_1_SIZE, R19_IC_1_IC_1_Default);
    SIGMA_WRITE_REGISTER_BLOCK(DEVICE_ADDR_IC_1, NON_MODULO_RAM_ADDR_IC_1, NON_MODULO_RAM_SIZE_IC_1, NON_MODULO_RAM_Data_IC_1);
    SIGMA_WRITE_REGISTER_BLOCK(DEVICE_ADDR_IC_1, REG_START_PULSE_SELECT_IC_1_ADDR, REG_START_PULSE_SELECT_IC_1_BYTE, R21_START_PULSE_SELECT_IC_1_Default);
    SIGMA_WRITE_REGISTER_BLOCK(DEVICE_ADDR_IC_1, REG_CORE_RUN_BIT_IC_1_ADDR, REG_CORE_RUN_BIT_IC_1_BYTE, R22_CORE_RUN_BIT_IC_1_Default);
    SIGMA_WRITE_REGISTER_BLOCK(DEVICE_ADDR_IC_1, REG_DEJITTER_WINDOW_IC_1_ADDR, REG_DEJITTER_WINDOW_IC_1_BYTE, R23_DEJITTER_WINDOW_IC_1_Default);
    SIGMA_WRITE_REGISTER_BLOCK(DEVICE_ADDR_IC_1, REG_DEJITTER_WINDOW_IC_1_ADDR, REG_DEJITTER_WINDOW_IC_1_BYTE, R24_DEJITTER_WINDOW_IC_1_Default);
}

#endif
